name,totalInvested,dealCount
"""Kedaraa Capital",19500000.0,1
& Others,1000000.0,1
021 Capita,3000000.0,1
100 Co-founders Lab and others.,175000.0,1
122 West Ventures,1500000.0,1
1Crowd,2700000.0,5
1Crowd (through crowd funding),200000.0,1
1Crowd (through crowdfunding),209000.0,1
3 undisclosed HNIs,2000000.0,1
3 undisclosed investors,0.0,0
3ONE4 Capital Advisors,3000000.0,1
3One4 Capital,0.0,0
3one4 Capital,16591375.0,3
3one4 Capital Advisors LLP,4000000.0,1
3one4 capital,0.0,0
500 Start-Ups,8000000.0,1
500 Startups,15115000.0,10
500 Startups & Other HNIs,1100000.0,1
50K Ventures,200000.0,1
50K Ventures & others,180000.0,1
50k Ventures,0.0,0
91SpringBoard,600000.0,1
91maker.com,300000.0,1
91springboard,2100000.0,1
A M Sikander,45000.0,1
A91 Partners,10000000.0,1
AB Kinnevik,60000000.0,1
ABB Technology Ventures,14000000.0,1
ABCOM Investments,430665.0,1
ABI-Showatech (India) Ltd,600000.0,1
ABM Knowledgeware,2200000.0,1
ADAG Reliance Private Equity,12000000.0,1
AECAL,120000.0,1
AET Fund,2000000.0,1
AJ Ventures and Jain International Trade Organisation (JITO),1000000.0,1
AL Nour International Holdings and Mark V Investments,600000.0,1
ANALEC,0.0,0
ANI Technologies Pvt. Ltd,7700000.0,1
APIS Partners,35000000.0,1
ASK Pravi,5000000.0,1
ASP Consulting,700000.0,1
AV Thomas Group,0.0,0
AVG Group,0.0,0
AVN Business Solutions,0.0,0
Aakrit Vaish,0.0,0
Aamir Khan,1200000.0,1
Aarin Capital,6970000.0,4
Aarin Capital & Others,0.0,0
Aarin Capital Partners,500000.0,1
Aarti Group,100000.0,1
Aaruha Technology Fund,0.0,0
Aavishkaar,10000000.0,2
Aavishkaar Venture Management,1000000.0,1
Aavya Ventures,0.0,0
Abaran Deep,0.0,0
Abhai S. Rao,300000.0,1
Abhay Singhal,300000.0,1
Abhijit Avasthi,0.0,0
Abhijit Bhandari,0.0,0
Abhinav Bindra,1000000.0,1
Abhinav Gupta,187000.0,1
Abhinav Mathur,0.0,0
Abhinav Patodia,350000.0,1
Abhinav Sinha,0.0,0
Abhishek Acharya,300000.0,1
Abhishek Agarwal,595000.0,1
Abhishek Bhatewara,0.0,0
Abhishek Goyal,250000.0,1
Abhishek Gupta,1200000.0,1
Abhishek Jain,223608.0,1
Abhishekh Goyal,0.0,0
Abraaj Group,150000000.0,1
Abstract Ventures,2100000.0,1
Abu Farhan Azmi,1000000.0,1
Accel,177000000.0,3
Accel (formerly known as Accel Partners),3000000.0,1
Accel India,107000000.0,3
Accel Partner,21000000.0,1
Accel Partners,865480000.0,58
Accel Partners & Others,400000000.0,1
Accel Partners & Raghunandan Gangappa,9100000.0,1
Accel Partners & existing investors,0.0,0
Accel Partners India,9150000.0,3
Accel Partners RNT Associates,675000.0,1
Accel Partners and G Raghunandan,12200000.0,1
Accel Partners and IDG Ventures,22000000.0,1
Accel Partners and Qualcomm,4889975.54,1
Accel Partners and Saama Capital,5000000.0,1
Accel Partners and Tiger Global Management.,18000000.0,1
Accel US,12000000.0,1
Accion,28000000.0,2
Accion Venture Lab,5800000.0,3
Accion Venture Labs,500000.0,1
Ackermans & van Haaren,15800000.0,1
Actis,82000000.0,1
Acumen Fund,5200000.0,4
Adam D\\xe2\\x80\\x99Angelo,0.0,0
Adi Saravanan,150000.0,1
Adil Allana,0.0,0
Aditya Agarwal,3200000.0,1
Aditya Aggarwal,0.0,0
Aditya Dev Sood,0.0,0
Aditya Malik & Others,437000.0,1
Aditya Singh,0.0,0
Aditya Vazirani,0.0,0
Aditya Verma,245000.0,1
Aditya Vij,300000.0,1
Adroitent Pvt. Ltd.,161000.0,1
AdvantEdge,0.0,0
AdvantEdge Partners,5000000.0,2
Adveq Management,60000000.0,1
Aegon NV,7600000.0,1
Aequs Group,0.0,0
Afsal Salu,0.0,0
Agarwal Movers Group,14900000.0,1
Agnus Capital,12100000.0,3
Ah! Ventures,400000.0,1
Aijaz Saleem,0.0,0
Ajai Chowdhary,1500000.0,1
Ajai Chowdhry,200000.0,1
Ajay Bhatia,3100000.0,1
Ajay Data,0.0,0
Ajay Data & other HNIs,0.0,0
Ajay Data & undisclosed HNIs,0.0,0
Ajay Lakhotia,0.0,0
Ajay Modani,223608.0,1
Ajay Nanavati,0.0,0
Ajay Piramal,0.0,0
Ajay Relan,1300000.0,2
Ajay Relan and Vinay Mittal,1000000.0,1
Ajay Sarupria,0.0,0
Ajeet Khurana,0.0,0
Ajeet Khurana & Others,100000.0,1
Ajeet Khurana & others,395000.0,1
Ajeet Khurana Jinesh Shah,250000.0,1
Ajit Surana,0.0,0
Ajith Nair,147000.0,1
Ajith Sukumaran,0.0,0
Ajmera Group of Companies,400000.0,1
Akash Agarwal,285000.0,1
Akash Bhavsar,0.0,0
Akash Garg,1000000.0,1
Akatsuki and Incubate Fund from Japan and Better Capital AngelList syndicate.,2000000.0,1
Akusa Holdings,0.0,0
Al Dhaheri family,500000.0,1
Alagu Periyannan and Karthee Madasamy,0.0,0
Alex Chua,0.0,0
Alex Kuruvilla,250000.0,1
Alexander Bruehl,0.0,0
Alfa Capital,2000000.0,2
Alibaba,1000000000.0,3
Alibaba Group,680000000.0,1
Alibaba Pictures,35000000.0,1
Allcargo Logistics,17000000.0,1
Allen Blue,1700000.0,1
Alok Bajpai,100000.0,1
Alok Divatia,0.0,0
Alok Goel,0.0,0
Alok Goel & others,0.0,0
Alok Mittal,2350000.0,3
Alok Mittal & others,0.0,0
Alok Mittal and Sachin Bhatia,246000.0,1
Alok Rawat,1000000.0,1
Alok Sharma,0.0,0
Alok Srivastava,0.0,0
Aloke Bajpai,770000.0,1
Alpha Capital,34800000.0,2
"Alpha Mundi, and Lendahand",2739034.68,1
Alphabet\\xe2\\x80\\x99s growth investment arm Capital G and Axis Bank,110000000.0,1
Alphard Maritime Group,2000000.0,1
Alteria Capital,9694000.0,3
Altimeter Capital,892000000.0,4
Alto Partners,5000000.0,1
Amadeus Capital,0.0,0
Amajit Gupta,0.0,0
Amanpreet Bajaj,0.0,0
Amar Arsikere,500000.0,1
Amarpreet Sawhney,30000000.0,1
Amaya Capital LLP,0.0,0
Amazon,116500000.0,4
Amazon Alexa Fund & Dentsu Ventures,11000000.0,1
Amazon Inc. and Mastercard,8000000.0,1
Amazon-Patni JV,18840000.0,1
Ambarish Gupta,350000.0,2
Ambarish Ray,168000.0,1
Ambi Parameswaran,0.0,0
Ambiga Dhiraj,0.0,0
Ambit Pragma,0.0,0
Ameera Shah,497000.0,3
Amen Dhyllon,0.0,0
Amereus Group,8000000.0,1
American Express,25000000.0,1
American Express Ventures,4000000.0,1
Amicus Capital,9200000.0,1
Amit Agrawal,0.0,0
Amit Banati,0.0,0
Amit Banka,0.0,0
Amit Burman,3000000.0,1
Amit Choudhary,0.0,0
Amit Dey,100000.0,1
Amit Gupta,2020000.0,6
Amit Jindal,1000000.0,1
Amit Khanna,1000000.0,1
Amit Khanna (LetsVenture),0.0,0
Amit Kharbanda,0.0,0
Amit Manocha,0.0,0
Amit Manocha and others,250000.0,1
Amit Nagar,450000.0,1
Amit Nanavati,1000000.0,1
Amit Patni,1039000.0,2
Amit Rambhia & Others,0.0,0
Amit Ranjan,920000.0,3
Amit Ranjan & others,500000.0,1
Amit Rathore,0.0,0
Amit Sandill,0.0,0
Amit Singal,175000.0,1
Amit Singhal,450000.0,1
Amit Singhal and Unitus Seed Fund,3000000.0,1
Amit Sinha,350000.0,1
Amit Tyagi,165000.0,1
Amitpal Bhutani,0.0,0
Amiya Pathak,1000000.0,1
Amod Malviya,0.0,0
Amour Infrastructure,220000000.0,1
Amrendra Reddy and Manish Satnaliwala.,0.0,0
Amrish Kumar,1000000.0,1
Amrish Rau,0.0,0
Anand Chandrasekaran,3250000.0,2
Anand Chandrasekaran & Others,0.0,0
Anand Kumar,0.0,0
Anand Ladsariya,550000.0,2
Anand Mahindra,800000.0,2
Anand Mittal,0.0,0
Anand Rajaraman,1200000.0,1
Anand Sankeshwar,963000.0,1
Anand Singh,0.0,0
Anand Vijay,200000.0,2
Ananda Kallugadde,3700000.0,2
Anandbir Singh,175000.0,1
Ananth Narayanan,250000.0,1
Anbu Pandian,150000.0,1
Andre Hoffman,10000000.0,1
Aneesh Reddy,4740000.0,4
Aneesh Reddy & Teruhide Sato,0.0,0
Aneesh Seth,150000.0,1
AngelList,280000.0,1
AngelPrime,4000000.0,3
Angie Mahtaney,0.0,0
Anglian Omega Network,350000.0,1
Anicut Capital,14650000.0,2
Anil Advani,0.0,0
Anil Chopra,0.0,0
Anil Gelra,0.0,0
Anil Jaggia,15000000.0,1
Anil Jain,0.0,0
Anil Jain & other HNIs,3200000.0,1
Anil Kapoor,0.0,0
Anil Matai,1000000.0,1
Anil Menon,100000.0,1
Anindya Ghose,0.0,0
Aniruddha Malpani,0.0,0
Anirudh Damani,450000.0,2
Anirudh Rastogi,223608.0,1
Anirudh Sheth,175000.0,1
Anish K,147000.0,1
Anisha Mittal,100000.0,1
Anita Dongre,0.0,0
Anita Gupta,0.0,0
Anita Hassanandani,108000.0,1
Anjali Bansal,2000000.0,1
Anjani Prasad,155000.0,1
Ankit Aditya,464000.0,1
Ankit Bhati,17200000.0,1
Ankit Gupta,325000.0,1
Ankit Maheshwari,0.0,0
Ankit Nagori,0.0,0
Ankit Sharma and others,220000.0,1
Ankur Capital,1000000.0,2
Ankur Gupta,750000.0,1
Ankur Singla,500000.0,1
Ankur Warikoo,500000.0,1
Ankush Gupta,80000.0,1
Ankush Mehta,145000.0,1
Ankush Nijhawa,0.0,0
Ankush Nijhawan,1300000.0,1
Ankush Saigal,0.0,0
Anoop Goyal,625000.0,1
Anoop Hingorani,0.0,0
Anshoo Gaur,330000.0,1
Anshu Bahadur,250000.0,1
Anshu Sharma,500000.0,1
Anshul Jindal,0.0,0
Anshuman Das,2000000.0,1
Ant Financial,830000000.0,2
Ant Financial Services (Alipay),0.0,0
Ant Financials,200000000.0,1
Anthil Ventures & others,0.0,0
Anthill Scale Ventures,311000.0,1
Anthill Ventures,2100000.0,1
Anubhav Verma,150000.0,1
Anuj Agrawal,0.0,0
Anuj Golecha,0.0,0
Anuj Gupta,0.0,0
Anuj Puri,0.0,0
Anuj Sanghi,500000.0,1
Anuj Srivastava,600000.0,2
Anupam Mittal,10605000.0,9
Anupam Mittal & other marquee investors,0.0,0
Anupam Mittal & others,0.0,0
Anupam Tyagi,0.0,0
Anurag Chauhan,0.0,0
Anurag Gupta,0.0,0
Anurag Srivastava,1000000.0,1
Aparup Sengupta,0.0,0
Apis Partner,60000000.0,1
Apoletto,59000000.0,2
Apoletto Managers,120000000.0,1
Apoorv Ranjan Sharma,0.0,0
Apoorva Patni,2100000.0,1
Appliyifi,0.0,0
Applyifi,0.0,0
Aprameya,0.0,0
Aprameya Radhakrishna,2840000.0,5
Aprameya Radhakrishnan,1200000.0,1
Apurva Chamaria,0.0,0
Apurva Salapuria,550000.0,1
Apurva Salarpuria,0.0,0
Aqeel Ahmed,300000.0,1
Aramex Ventures Llc,2000000.0,1
Arathi Krishna,0.0,0
Aravind Sanka,329230.0,1
Arihant Patni,1980000.0,3
Arihant Patni of Patni Family Office,2000000.0,1
Arjun Handa,1000000.0,1
Arjun Malhotra,200000.0,1
Arjun Mehta,0.0,0
Arjun Sharmaa,440000.0,1
Arjun and Rohan Malhotra,250000.0,1
Arkas Industries,500000.0,1
Armat Group,0.0,0
Artha India Ventures,776000.0,1
Artha Venture,500000.0,1
Arthavida Ventures,1100000.0,1
Artiman Ventures,27000000.0,3
Arts Alliance,400000.0,1
Arun Chandra Mohan,2000000.0,1
Arun Duggal,0.0,0
Arun Garg,570000.0,1
Arun Khanna,0.0,0
Arun Malhotra,620000.0,1
Arun Patodia,0.0,0
Arun Sarin,25000000.0,1
Arun Seth,0.0,0
Arun Tadanki,245000.0,1
Arun Venkatachalam,0.0,0
Aruna Ganesh Ram,0.0,0
Arvind Jha,0.0,0
Arvind Uppal,0.0,0
Ascent Capital,312000000.0,2
"Ascent Capital, eContext Asia",25000000.0,1
Aseem Sood,0.0,0
Ash Bhardwaj,0.0,0
Asha Jadeja Motwani & Others,300000.0,1
Ashim Mehra,500000.0,1
Ashish Agrawal,1000000.0,1
Ashish Chand,375000.0,1
Ashish Dev Kapur,0.0,0
Ashish Dhawan,18000000.0,2
Ashish Goenka,6250000.0,1
Ashish Goenka & Others,0.0,0
Ashish Gupta,375000.0,1
Ashish Gupta and other undisclosed investors,0.0,0
Ashish Hemrajani,5800000.0,1
Ashish Jhalani,100000.0,1
Ashish Kacholi,2000000.0,1
Ashish Kashyap,500000.0,1
Ashish Lakhanpal,750000.0,1
Ashish Mahajan,0.0,0
Ashish Tiwari,0.0,0
Ashish Todi,350000.0,1
Ashish Toshniwal,0.0,0
Ashish Tulsian,1000000.0,1
Ashneer Grover,500000.0,1
Ashok Agarwal,1500000.0,1
Ashok Goel (promoter),16500000.0,1
Ashok Kumar Gajera,311200.0,1
Ashutosh Lawania,104000.0,1
Ashvin Chadha,12700000.0,4
Asia Pacific Internet Group,4500000.0,1
Asian Healthcare fund,8200000.0,1
AskMe,20000000.0,1
Aspada,29000000.0,2
Aspada Advisors,5000000.0,1
Aspada Investment,47000000.0,1
Aspada Investment Advisors,4650000.0,2
Aspada Investments,2700000.0,1
Aspada Ventures,25000000.0,1
Aspire Logistics LLC,125000.0,1
Aspire Systems,0.0,0
Asset Management (Asia) Ltd,20000000.0,1
Astarc Ventures,1180000.0,2
Astarc Ventures & Others,0.0,0
Asuka,0.0,0
Asuka Holdings,0.0,0
Atul Agarwal,500000.0,1
"Atul Goel, and Gurpreet Singh",3100000.0,1
Atul Gupta and Saurabh Rastogi,293000.0,1
Atul Ingle,0.0,0
Atul Jain,0.0,0
Atul Jalan,640000.0,1
Atul Nishar,10700000.0,2
Atul Phadnis,500000.0,1
Atulya Mittal,0.0,0
Augment Ventures,448000.0,1
August Capital Partners,0.0,0
Auxano Deals,772500.0,1
Avalon Ventures,15000000.0,1
Avendus Finance,8600000.0,1
Avendus Finance Pvt. Ltd,9700000.0,1
Avnish Mehra,0.0,0
Avtar Monga,500000.0,1
"Avtar Monga, chief operating office at IDFC Bank",437000.0,1
Axan Partners,10000000.0,1
Axan Venture,3000000.0,1
Axiata Digital,16000000.0,1
Axilor,0.0,0
Axilor Partners,5800000.0,1
Axilor Ventures,18900000.0,10
Axilor Ventures and Binny Bansal,19000000.0,1
"Axilor, undisclosed investors",0.0,0
Axis Bank,35000000.0,2
Axis Capital,2400000.0,1
Axis Capital & Others,30000000.0,1
Axis Capital Partners,100000.0,1
Axon Partners,13500000.0,1
Ayesha Takia Azmi,1000000.0,1
Ayushmann Khurana,0.0,0
Azim Premji,140000000.0,1
Azmul Haque,100000.0,1
B Capital,172000000.0,2
B Capital Group,25000000.0,1
B M Gupta,0.0,0
B S Nagesh,0.0,0
BAC Acquisitions,0.0,0
BC Prabhakar,250000.0,1
BCCL,1000000.0,1
BEENEXT,17500000.0,4
BEENEXT Ventures,1900000.0,1
BLIP Initiatives,0.0,0
BRD Securities,0.0,0
BS Nagesh,1000000.0,1
BVR Mohan Reddy,1500000.0,1
Badal Malick,104000.0,1
Baillie Gifford,500000000.0,1
Balaji Prabhakar,0.0,0
Balamurugan Mani,0.0,0
Balasubramanian Krishnamurthy,150000.0,1
Bamboo Capital Partners,60000000.0,1
Bank to the Future and Funders Club,1500000.0,1
Barkawi Holdings GmbH,0.0,0
Basab Pradhan,450000.0,1
Base of Pyramid Asia (BOPA) Pte Ltd,2500000.0,1
Baskar Subramanian,250000.0,1
Batlivala & Karani Securities,1450000.0,2
Battery Road Digital Holdings LLC,422000.0,1
Bay Capital Investments and Others,7500000.0,1
BedRock Ventures,500000.0,1
Bedrock Ventures,1000000.0,1
BeeNext,6550000.0,4
Beehive Capital Advisor,430665.0,1
Beenext,34700000.0,5
Beenext Ventures,5100000.0,2
"Beenext, and Pravega Ventures",4200000.0,1
Beenextan investment fund,9200000.0,1
Beenos,39500000.0,5
Beenos Asia,25000000.0,1
Beerud Sheth and Ravi Mantha,0.0,0
Behram Vakil and Jerxis Vandrevala,1000000.0,1
Bennett,54200000.0,3
Bennett Coleman & Co. Ltd,7000000.0,1
Bennett Coleman and Company Ltd (BCCL),450000000.0,1
Benori Ventures LLP,0.0,0
Berggruen Holdings,25000000.0,1
Bertelsmann India,150250000.0,4
Bertelsmann India Investments,62700000.0,5
Bertelsmann India Investments Norwest Venture Partners.,100000000.0,1
Bessemer Venture,40000000.0,1
Bessemer Venture Partner,25000000.0,1
Bessemer Venture Partners,563000000.0,15
Bessemer Venture Partners and Orios Venture Partners,0.0,0
Bessemer Ventures,1630000.0,2
Best Foodworks,0.0,0
BetOnIndia Technology Pvt Ltd,0.0,0
Bhairavi Jani,0.0,0
Bhanu Vikram Parsotam,150000.0,1
Bharanidharan Viswanathan,150000.0,1
Bharat Gupta,0.0,0
Bharat Innovation,1100000.0,1
Bharat Kedia,0.0,0
Bharat Sheth,3350000.0,1
Bharat Vijay,500000.0,1
Bharti Enterprises,175000000.0,1
Bhavdeep Reddy,400000.0,1
Bhavesh Manglani,0.0,0
Bhavin Turakhia,19000000.0,1
Bhavish Aggarwal,17200000.0,1
Bhupen Shah,275000.0,1
Bhupen Shah & Others,0.0,0
Bhupender Singh,200000.0,1
Big Data Investments B.V,11000000.0,1
Bijou Kurien,1700000.0,2
Bill & Melinda Gates Foundation,14000000.0,1
Binny Bansal,168200000.0,7
BitChemy Ventures,330000.0,1
Bitkemy Ventures,400000.0,1
Biz Stone,5500000.0,2
BizReach,4500000.0,1
BlackJag Partners,200000.0,1
BlackSoil Capital Pvt Ltd,800000.0,1
BlackSoil Capital Pvt. Ltd,1500000.0,1
BlackSoil Capital Pvt. Ltd.,2500000.0,1
Blacksoil,20000000.0,1
Blacksoil Capital Pvt. Ltd,1700000.0,1
Blacksoil and Kalaari Capital,0.0,0
Blackstone Valley Group,0.0,0
Blinc Advisors,1000000.0,1
Blue Cloud Ventures,51000000.0,1
Blue Fog Capital,1700000.0,1
Blue Orchard,8000000.0,1
BlueOrchard Finance Ltd,4600000.0,1
Blume Ventures,172762000.0,35
Blume Ventures & IvyCap Ventures,6000000.0,1
Blume Ventures & Other unnamed Investors,600000.0,1
Blume Ventures & Others,0.0,0
Blume Ventures & Vaibhav Domkundwar,1000000.0,1
Blume Ventures & others,0.0,0
Blume Ventures and Innoven Capital.,6000000.0,1
Blume Ventures and RTP Global,2500000.0,1
Blume Ventures and Ujama,0.0,0
Blume Ventures.,650000.0,1
Blume Ventures. Lenovo Capital and Incubator Group (LCIG),0.0,0
Blume ventures,300000.0,1
Bobby Reddy,540000.0,1
Bodhtree Consulting Limited,232000.0,1
Boillot Family Trust,0.0,0
Bold Ventures,150000.0,1
Boman Irani,0.0,0
BookMyShow,0.0,0
BookMyShow),500000.0,1
Boost VC,1500000.0,1
BrahmaX Ventures,500000.0,1
Brand Capital,59375000.0,11
Brand Capital and Others,500000.0,1
Bravia Capital,16000000.0,1
Breakthrough Energy Ventures,18000000.0,1
Bren Corporation,5000000.0,1
Brian Acton,3500000.0,1
Brick Eagle,1600000.0,1
Brigade Innovations LLP,540000.0,1
British and Indian Governments,0.0,0
Broadbean Capital services,500000.0,1
Bunny Bansal & other investors,10000000.0,1
"Burda Principal Investments, and Sofina",226000000.0,1
ByteDance,25000000.0,1
C31 Ventures,12000000.0,2
C4D Partners,868600.0,1
CA Media LP,2800000.0,1
CASHurDRIVE Marketing Pvt Ltd,2000000.0,1
CBA Capital and others,3000000.0,1
CCavenue,466000.0,1
CCube Angels,0.0,0
CDC Group Plc,40500000.0,2
CDC Group plc\\xc2\\xa0,6000000.0,1
"CDC Group, the UK\\xe2\\x80\\x99s Development Finance Institution and P Surendra Pai",27799000.0,1
CIO Angel Network,500000.0,1
CIO Angel Network (CAN),0.0,0
CLP Holdings Group,32000000.0,1
CLSA Capital Partners ARIA IV Funds,10000000.0,1
CMYK Health Boutique Pvt Ltd & Other individual investors,0.0,0
CP Bothra,0.0,0
CRV,30000000.0,1
CSC Upshot & Angel investors,2700000.0,1
Calcutta Angel Network,0.0,0
Calcutta Angels,900000.0,2
Calcutta Angels Network,0.0,0
Calcutta Angels Network (CAN),0.0,0
"Calcutta Angels, ah! Ventures",700000.0,1
Cameron Jones,0.0,0
Canaan Partners,79000000.0,2
Cao Yibin,0.0,0
Capier Investments,750000.0,1
Capillary Technologies,0.0,0
CapitalG,186500000.0,3
Capricorn Investment Group,38000000.0,2
Capricorn Investment and IFC,40000000.0,1
CareerNet Consulting Pvt. Ltd,670000.0,1
Carlyle Group,100000000.0,1
Carnegie Mellon University,290000.0,1
Carpediem Capital,12600000.0,3
Carpediem Capital & Others,368000.0,1
Carrick Capital Partners,35000000.0,1
Caspian and Hivos-Triodos Fund,11000000.0,1
Catamaran Ventures,37850000.0,4
Cataraman Ventures,2000000.0,1
Centre For Incubation & Business Acceleration (CIBA),0.0,0
Centre for Innovation Incubation and Entrepreneurship (CIIE),0.0,0
CerraCap,20000000.0,1
Chan Zuckerberg Initiative,50000000.0,1
Chanakya Hridaya,0.0,0
Chandigarh Angel Network (CAN),0.0,0
Chandigarh Angels,375000.0,1
Chandigarh Angels Funding,0.0,0
Chandigarh Angels Network,0.0,0
Chandigarh Angels Network (CAN),0.0,0
Chandralekha Construction Pvt. Ltd.,15000000.0,1
Chandrashekar Tallapragada,180000.0,1
Chandru Badrinarayanan,650000.0,1
Chatsworth Management,500000.0,1
Chavi Jafa,0.0,0
Cheetah Mobile,13400000.0,1
Chennai Angels,3230000.0,4
Cherry Tin,297000.0,1
Chetan Bhagat,0.0,0
Chicago Capital Ventures,2000000.0,1
Chidambaram Palaniappan,3350000.0,1
China Lodging Group,10000000.0,1
Chip Perry,0.0,0
Chirag Nikunj Sheth & Others,0.0,0
Chiratae Ventures,15000000.0,2
Chiratae Ventures (formerly IDG Ventures),3591375.0,1
ChrysCapital,118000000.0,2
Cipher-Plexus Capital Advisors & Indian HNIs,0.0,0
Cisco Investments,25000000.0,1
Cisco Ventures,6000000.0,1
Cismat Cargo Services Pvt. Ltd.,300000.0,1
Citi Ventures,0.0,0
Citrus Payments,550000.0,1
Clairvest Group,73700000.0,1
Claris Capital,0.0,0
CoCapital,2739034.68,1
CoCreate Ventures,0.0,0
Coatue Management,60000000.0,1
Cogent E Services,330000.0,1
Coleman and Co. Ltd (BCCL),38700000.0,1
Coleman and Company Ltd,15500000.0,2
Coleman and Company Ltd (BCCL),0.0,0
Collaborative Licensing Ventures LLP,303000.0,1
Commonfloor,2500000.0,1
Composite Capital Management,60000000.0,1
Concur Technologies,0.0,0
Consortium of Angel Investors,0.0,0
Constellation Technology Ventures (Exelon Corporation),16600000.0,1
Contrarian Capital,2100000.0,1
Contrarian Capital India Partners,0.0,0
Contrarian Vriddhi Fund,2000000.0,1
Cooperative Oikocredit,11000000.0,1
Corvus Ventures,0.0,0
Costanoa,9500000.0,1
Cota Capital,2950000.0,1
Creation Investments,29000000.0,1
Creation Investments Capital Management,25000000.0,1
Credence Family Office,4000000.0,1
Credika and unnamed angel investors,500000.0,1
Cross Border Angels,800000.0,1
Cross Border Angels & Experts,0.0,0
Cross Border Angels & others,250000.0,1
Ctrip.com International Ltd,180000000.0,1
CureFit,3000000.0,1
Currae Healthtech Fund,745000.0,1
Cyber Carrier,0.0,0
Cyber Carrier CL,0.0,0
Cyber Carrier VC,4000000.0,1
CyberAgent Ventures,4600000.0,1
DA-IICT,290000.0,1
DAH Beteiligungs GmbH,11000000.0,1
DG Daiwa Ventures,12000000.0,1
DG Incubation,12000000.0,1
DG Ventures India,81000000.0,2
DHI Group Inc,4500000.0,1
DIG Investment Ab,1000000.0,1
DILA CAPITAL,2739034.68,1
DMG Information,3000000.0,1
DMG information Asia Pacific,5000000.0,1
DMI Finance,4000000.0,1
DSG Consumer Partners,76767000.0,9
DSG Consumer Partners and Venture Nursery,100000000.0,1
DSG consumer Partners,1000000.0,1
DST Global,1492000000.0,4
DST Global and Lightspeed Venture Partners\\xe2\\x80\\x99 global fund.,225000000.0,1
DST Partners and RPS Ventures,50000000.0,1
DTDC Express Ltd,1000000.0,1
Daffodil Software,0.0,0
Dalip Pathak,9500000.0,1
Dalip Pathak and Others,35000000.0,2
Daljit Singh,300000.0,1
Daman Soni,100000.0,1
DanGold Investment Corp,0.0,0
Darius Pandole,1000000.0,1
Darrin Capital,10750000.0,1
Darshak Shah,0.0,0
Darshan Upadhyay,0.0,0
Das Capital,12000000.0,2
Das Capital and IT Farm,10000000.0,1
Daud Ali,0.0,0
Daud Ali and others,0.0,0
DeNA Co.,380000.0,1
DeVry Inc,10000000.0,1
Deep Kalra,8500000.0,2
Deep Kalra & Others,650000.0,1
Deepak Chokhani,0.0,0
Deepak Ghaisas,0.0,0
Deepak Gupta,200000.0,1
Deepak Gurnani,500000.0,1
Deepak Jain,0.0,0
Deepak Kulkarni,0.0,0
Deepak Nathani,0.0,0
Deepak Natraj,400000.0,1
Deepak Shahdadpuri,0.0,0
Deepak Sharma,0.0,0
Deepak Singh,0.0,0
Deepinder Goyal,6000000.0,1
Delhivery,21000000.0,3
Delta Partners,20000000.0,1
Dena,750000.0,1
Denlow Investment Trust and Beenext,5850000.0,1
Deobrat Singh,100000.0,1
Deshe Holdings,1000000.0,1
Deshpande Foundation,30000000.0,1
Deutsche Telekom Strategic Investments & Others,4100000.0,1
Deutsche Telekom Strategic Investments (DTSI),11000000.0,1
Devdeep Singh,90000.0,1
Development finance institution Belgian Investment Company,8600000.0,1
Devendra Rane,0.0,0
Devendra Reddy,0.0,0
Devesh Rai G,0.0,0
Devesh Sachdev,0.0,0
Devidas Desai,100000.0,1
Dewan Housing Finance Corp,4000000.0,1
Dewang Neralla,500000.0,1
Dexter Angel Circle,0.0,0
Dheerag Jain,1000000.0,1
Dheeraj Jain,700000.0,2
Dheeraj Jain & Other angel investors,400000.0,1
Dheeraj Jain & Others,500000.0,1
Dheeraj Mehta & Others,130000.0,1
Dheeraj Pandey,1000000.0,1
Dhiraj Rajaram,0.0,0
Dhruv Chitgopekar,0.0,0
DiDi Chuxing,100000000.0,1
Diageo India,4000000.0,1
Diaz Nesamoney,6000000.0,1
Didi Kuaidi,530000000.0,2
Digital Currency Group,1500000.0,1
Digital Financial Service Lab,100000.0,1
Digital Garage,29900000.0,4
Digital Garage Inc,20000000.0,1
Dileep Bhatt,200000.0,1
Dileep Nath,4500000.0,1
"Dilip Khandwelwal from SAP Labs India, and Amrish Rau from PayU India",3400000.0,1
Dinesh Agarwal,0.0,0
Dinesh Kundu & others,205000.0,1
Dinesh Mittal,250000.0,1
Dinesh R. Challa,4000000.0,1
Dino Morea,0.0,0
Divyesh Shah,250000.0,1
Doreswamy Nandkishore,0.0,0
Dr David Cheriton,0.0,0
Dr Devi Shetty,0.0,0
Dr Faraz Naqvi,2000000.0,1
Dr Mushtaq Shah,2000000.0,1
Dr Nandish Domlur,0.0,0
Dr Paresh Doshi,250000.0,1
Dr Ramesh Ayyala,250000.0,1
Dr V Ravinder,223608.0,1
Dr. Abhishek Pandey,3000000.0,1
Dr. Aniruddha Malpani,650000.0,3
Dr. Aniruddha Malpani Manish Gupta,0.0,0
Dr. Apoorv Ranjan Sharma,250000.0,1
Dr. Goutam Challagalla,0.0,0
Dr. Pooja Gandhi,0.0,0
Dr. Pramath Raj Sinha,0.0,0
Dr. Prasad Kaipa,0.0,0
Dr. Rameshwar Kumar,150000.0,1
Dr. Ranjan Pai,4200000.0,2
Dr. Ritesh Malik,100000.0,1
Dr. Sridhar Ramaswamy,250000.0,1
Dragoneer Investment,16000000.0,2
Dragoneer Investment Group,0.0,0
Draper Associates,3650000.0,1
Draper Fisher Jurvetson,4000000.0,1
Draphant Consultants,0.0,0
Dream Incubator,15570000.0,2
Dreamweaver Investments,0.0,0
Dunamis Ventures Pte Ltd,2250000.0,1
Dunamis Ventures Pte Ltd.,1000000.0,1
Dutch government fund,0.0,0
E-City VEntures Atul Goel,1000000.0,1
E.ON,16600000.0,1
ECL Finance,44000000.0,1
EDBI,277000000.0,2
EDFIMC (ElectriFI),2739034.68,1
EVC Ventures,500000.0,1
Eagle10 Ventures,0.0,0
Earlsfield Capital,1315000.0,2
East Ventures & Others,0.0,0
EcoEnterprise Fund,2739034.68,1
Edelweiss Financial Services,0.0,0
Edelweiss Private Equity,26000000.0,2
Edelweiss and Beenext,14270000.0,1
Eduardo Saverin,23000000.0,2
Eduardo Saverin & Velos Capital,11000000.0,1
Eight Innovate,0.0,0
Eight Road Ventures,15000000.0,1
Eight Roads,45000000.0,1
Eight Roads Ventures,125500000.0,8
Eight Roads Ventures India,25700000.0,2
Electronic Development Fund,25000000.0,1
Elevar Equity,97500000.0,3
Elevar Equity and Accel Partners,23500000.0,1
Elevate Sports,4200000.0,2
Elliot Stechman,168000.0,1
Emerald Media,85000000.0,2
Emergent Ventures,3200000.0,2
Emergent Ventures India,0.0,0
Emergent Ventures and Y Combinator,8000000.0,1
Emerging India,50000000.0,1
Emery Capital,0.0,0
Empire Angels,11000000.0,1
Enablers platform,300000.0,1
Endeavor Catalyst Fund,2739034.68,1
Endiya Partners,13590000.0,8
"Endiya Partners, pi Ventures",24800000.0,2
Engie RDE Fund,2739034.68,1
Ennovent Impact Investment Holding,0.0,0
Entrepreneurs India,1000000.0,2
Epsilon Venture Partners,31000000.0,2
Equanimity Venture Fund,1000000.0,1
Equanimity Ventures,140000000.0,1
Equentia Natural Resource & Other undisclosed investors,0.0,0
Equentia Natural Resources,160000.0,1
Equity Crest,250000.0,1
Eros Labs,500000.0,1
Esvee Technologies Inc,311000.0,1
Eureka Forbes Ltd,700000.0,1
European investment fund,2500000.0,1
Evan Lim,300000.0,2
Excelsior Investments,180000.0,1
Exfinity Fund,1500000.0,1
Exfinity Venture,2000000.0,1
Exfinity Venture Partners,19000000.0,7
Exfinity Venture Partners & Others,0.0,0
Exfinity Ventures,11850000.0,3
"Exfinity Ventures, growX ventures",0.0,0
Existing & New Investors,0.0,0
Existing Investors,500000.0,1
Existing investors,55000000.0,1
Experian,7000000.0,1
Extreme Venture Partners\\xc2\\xa0 William Bissell,0.0,0
F-Prime Capital Partners,22500000.0,2
FAO Ventures,2000000.0,1
FF Angel,2000000.0,1
FIH Mobile Ltd,0.0,0
FIL Capital Management,7000000.0,1
FJ Labs,2400000.0,1
FTV Capital,56000000.0,1
Facebook FB Start programme,40000.0,1
Facebook FBStart,120000.0,3
Factor[e] Ventures,783000.0,1
Faering Capital,15200000.0,3
Fairfax,45000000.0,1
Fairfax Holdings,0.0,0
Falcon Edge,35390000.0,2
Falcon Edge Capital,954500000.0,6
Family Pot Investments LLP,115000.0,1
Faraz Khan,0.0,0
Farhaan Shabbir,0.0,0
Farhan Naqvi,1000000.0,1
Farm To Fork,400000.0,1
Farooq Adam,0.0,0
Farooq Adam Mukadam,370000.0,1
Farooq Oomerbhoy,0.0,0
Farooq Oomerbhoy & Other angel investors,300000.0,1
Fauzan Rahim,0.0,0
Fenqile,2000000.0,1
FiNC,0.0,0
Fidelity Biosciences,10000000.0,1
Fidelity Growth Partners,91000000.0,4
Fidelity Growth Partners India,25000000.0,2
FinTech,17411265.0,1
Fireside Ventures,4550000.0,4
Fireside Ventures & Others,0.0,0
Firoze Irani,2700000.0,1
Flipkart,238150000.0,10
Flipkart Logistics Pvt. Ltd,1580000.0,1
Florida based Angel investor,150000.0,1
Florintree,3350000.0,1
Florintree Advisors,3800000.0,1
Ford Smart Mobility Llc,24000000.0,1
Fork Media,3000000.0,1
Fortisure Ventures,6000000.0,1
Fosun International,42000000.0,2
Fosun RZ Capital,30000000.0,1
Foundation Capital,11000000.0,1
Founder Collective,4600000.0,1
Founders Fund,0.0,0
Foxconn,509000000.0,2
Foxconn Technology Group,175000000.0,1
Foxconn Technology Group & Others,0.0,0
Francesco Cara,0.0,0
Franchise India,3000000.0,1
Franchise India Brands,1000000.0,1
Franklin Templeton International Services Pvt. Ltd,15000000.0,1
FreakOut Group,0.0,0
Fred Khosravi,30000000.0,1
FreshMenu),500000.0,1
Frontline Strategy,5600000.0,1
Fulcrum Ventures,3000000.0,1
Fullerton Financial Holdings Pte Ltd & Others,87000000.0,1
Fullerton India Credit Company Ltd,312000.0,1
Fundamentum,12000000.0,1
Funding through 1Crowd platform,150000.0,1
Fundnel,500000.0,1
Fung Strategic Holdings,35000000.0,1
Fusion Tech Ventures,150000.0,1
Fusiontech Ventures & Others,0.0,0
Future Fund,40000000.0,1
G Ravishankar,0.0,0
GAIL India Ltd,0.0,0
GAIN,0.0,0
GBIM Technologies Pvt Ltd,45000.0,1
GEMS Advisory,369000.0,2
GEMS group,250000.0,1
GEMs,0.0,0
GEMs Advisory,0.0,0
GFC,18000000.0,1
GHV,0.0,0
GHV Accelerator,500000.0,4
GIC,100000000.0,1
GIC ventures,28000000.0,1
GMO Japan,4000000.0,1
GMO Payment Gateway,50000000.0,1
GPA group,0.0,0
GREE Ventures,11900000.0,3
GREE Ventures and Summit Media,5500000.0,1
GREX,230000.0,1
GROUPE SOS,150000.0,1
GSF,500000.0,1
GSF and Other angel investors,900000.0,1
GVFL,7400000.0,2
GVFL Ltd,3000000.0,1
GWB Group,0.0,0
Gabriel Investments,600000.0,1
Gagan Dugal,250000.0,1
Gagan Goyal,0.0,0
Gagan Hasteer,0.0,0
Gaja Capital,13000000.0,1
Gaja Capital Private Equity Fund,10000000.0,1
Ganesh Narasimhan,100000.0,1
Ganesh Natarajan,0.0,0
Ganpat Singhvi,3100000.0,1
GardX International,0.0,0
Gati Ltd,0.0,0
Gaurav Agarwal,285000.0,1
Gaurav Bhalotia,1800000.0,2
Gaurav Bhatnagar,1300000.0,1
Gaurav Bhogle,0.0,0
Gaurav Dalmia,0.0,0
Gaurav Gupta,0.0,0
Gaurav Kachru,620000.0,1
Gaurav Lochan,100000.0,1
Gaurav Luniya,0.0,0
Gaurav Marya,1000000.0,1
Gaurav Munjal,0.0,0
Gaurav Sharma,500000.0,1
Gaurav Singhvi,250000.0,1
Gaurav Suri and Ankit Kesarwani,250000.0,1
Gaurav Vats,80000.0,1
Gautam Chhaochharia,0.0,0
Gautam Gandhi,0.0,0
Gautam Ivatury,0.0,0
Gautam Sinha,168000.0,1
General Atlantic,51000000.0,1
General Catalyst,4600000.0,1
General Catalyst Partners,2500000.0,1
Geniee,0.0,0
Girish Mathrubootham,7356000.0,7
Girish Mathrubootham &\\xc2\\xa0 Group of other Angel investors,500000.0,1
Girish Matrubootham,400000.0,1
Girish Reddy,1000000.0,1
Girnar Software,2000000.0,1
GirnarSoft,1000000.0,1
Gleevoaz Ventures,0.0,0
Global Founders Capital,36500000.0,2
Global Institutional Investors,200000000.0,1
Globeinvestor,0.0,0
Globevestor,1450000.0,2
Globevestor & others,750000.0,1
Globevestor Angel Fund,0.0,0
Goa,0.0,0
Gokaldas Exports Ltd,0.0,0
Gokul Jaykrishna,1000000.0,1
Gokul Rajaram,6890000.0,2
Goldbell Group,1000000.0,1
Goldman Sachs,300889975.53999996,6
Goldman Sachs Group,31300000.0,1
Goldman Sachs Investment Partners and Silicon Valley-based Accel,150000000.0,1
"Goldman Sachs, hedge fund & Others",20000000.0,1
Google,12300000.0,1
Google Capital,95000000.0,2
Google Capital & Accel Partners,50000000.0,1
Gopal Aggarwal,100000.0,1
Gopal Srinivasan,0.0,0
Gordon and Betty Moore Foundation,600000.0,1
Govind Rajan & Others,0.0,0
Grace Capital Ventures,1200000.0,1
Grace Grace Techno Ventures LLP,0.0,0
Grasshoppers,0.0,0
Gray Matters,180000.0,1
Gray Matters Capital,7500000.0,2
Great Oaks Ventures,1500000.0,1
Green House Ventures,200000.0,2
Green House Ventures (GHV),400000.0,4
Green House Ventures Accelerator,250000.0,1
Green Shots Capital,2000000.0,2
Green Visor Capital LP II,0.0,0
Greenfield Advisory,0.0,0
Greenoaks Capital,450000000.0,3
Greenoaks Capital Partners,250000000.0,1
Greenoaks capital,25000000.0,1
Grex.in,400000.0,2
Grey Orange,2000000.0,1
Grey Orange Robotics,1000000.0,1
Greycroft Partners,21000000.0,2
"Greycroft, e.ventures",25000000.0,1
Group of 15 Angel Investors,350000.0,1
Group of Angel Investors,1659600.0,14
Group of Angel Investors from US/India,120000.0,1
Group of Angel investors,300000.0,2
Group of HNI investors,1000000.0,1
Group of Investors,0.0,0
Group of angel investors,0.0,0
Group of undisclosed Angel Investors & HNIs,375000.0,1
GrowX,2400000.0,1
GrowX Ventures,8200000.0,4
GrowX Ventures.,1500000.0,1
GrowX ventures,1000000.0,1
Growth DNA,1000000.0,1
GrowthStory,550000.0,1
Growx Ventures,0.0,0
Gujarat Venture Finance Limited (GVFL),7000000.0,1
Gujarat Venture Finance Ltd,0.0,0
Gujarat based angel investors,245000.0,1
Gulpreet Kohli,0.0,0
Gund Investment,0.0,0
Gurmeet Chahal & Others,305000.0,1
Gurpreet Singh & others,2400000.0,1
Guy Oseary,0.0,0
Gyanendra Singh,0.0,0
H C Jain,0.0,0
HAX Accelerator,100000.0,1
HBM Healthcare Investments,15000000.0,1
HCS Venture capital fund,0.0,0
HDFC,4200000.0,2
HDFC Asset Management,10000000.0,1
HDFC Bank,10000000.0,1
HDFC Life,10000000.0,1
HIS Co. Ltd,10000000.0,1
HR Fund,1000000.0,1
HR Technology fund,7500000.0,1
HT Digital Media Holdings Ltd,0.0,0
HT Media,1800000.0,1
HT Media Ltd,4400000.0,1
Hack VC,8000000.0,1
Haitong Securities,0.0,0
Haldyn Glass,135000.0,1
Hampton Capital,3000000.0,1
Hamraj Kumar,0.0,0
Haresh Chawla,8500000.0,4
Hari Krishna,223608.0,1
Harinder Takhar,0.0,0
Harmeet Bajaj,0.0,0
Harminder Sahani,300000.0,1
Harminder Sahni,0.0,0
Harmony Partners,140000000.0,3
Harpreet Singh Grover,450000.0,2
Harsh Kundra,0.0,0
Harsh Mahajan,1000000.0,1
Harsh Mariwala,44500000.0,3
Harsh V. Pant,0.0,0
Harsh Vardhan Hada,50000.0,1
Harvard Angels,0.0,0
HealthQuad,15800000.0,1
HealthQuad and Fireside Ventures,2100000.0,1
Healthsquad,0.0,0
Helion Advisors,25000000.0,1
Helion Venture,12000000.0,1
Helion Venture Partner,900000.0,1
Helion Venture Partners,471190000.0,15
Helion Ventures,73750000.0,7
Helion Ventures Partners,5000000.0,1
Helix Investments,4800000.0,1
Hemang Sahani,0.0,0
Hemant Kanakia,270000.0,1
Hemant Kaul,355000.0,2
Hemant Luthra,436000.0,1
Hemant Sahni,300000.0,1
Herb Madan,0.0,0
Hercules Capital,51000000.0,1
Hermes Group,180000.0,1
Hero Electronix\\xe2\\x80\\x99s corporate financing arm,25000000.0,1
Hero Enterprise,250000000.0,1
Hero MotoCorp,27000000.0,1
Hetal Sonpal,500000.0,1
High Networth Individuals (No details),600000.0,1
High Networth Individuals (undisclosed),150000.0,1
High Networth Individuals from India & USA,3000000.0,1
Hillhouse Capital,190000000.0,3
Himanshu Aggarwal,685000.0,2
Himanshu Aggrawal,1500000.0,1
Hinduja Group,0.0,0
Hinduja Leyland Finance,3800000.0,1
Hinduja Leyland Finance and IntelleGrow,4600000.0,1
Hinduja family,0.0,0
Hines,23000000.0,1
Hiro Mashita,0.0,0
Hirokazu,500000.0,1
Hitesh Gupta,0.0,0
Hitesh Oberoi,550000.0,1
Hitesh Windlass,0.0,0
Hitouch AG,0.0,0
Holostik Group,1000000.0,1
Holtzbrink Ventures,11000000.0,1
Horizons Ventures,41000000.0,2
Hornbill Orchid India Fund,3591375.0,1
Horseferry,0.0,0
Hrishi Oberoi,200000.0,1
Hrishikesh Parandekar,1000000.0,1
Huang Wei,0.0,0
Hunch Ventures,550000.0,1
Huzaifa Khorakiwala,0.0,0
Hyderabad Angels,4850000.0,6
Hyderabad Angels (at Startup Heroes event),80000.0,5
Hyderabad based investor,165000.0,1
Hyperplane Venture Capital and several angel investors,1700000.0,1
Hyundai,14270000.0,1
I-cube-N,166000.0,1
IA Venture Strategies Fund II LP,0.0,0
IAN Fund,29000000.0,2
IAN Fund and DSG Consumer Partners,200000000.0,1
IAN Ventures,0.0,0
ID Enablers Pvt Ltd,250000.0,1
IDFC Parampara Early Stage Opportunities Fund,1000000.0,1
IDFC SPICE Fund,15000000.0,1
IDFC-Parampara Capital,1100000.0,1
IDFC-Parampara Fund,0.0,0
IDG,0.0,0
IDG Venture,19000000.0,1
IDG Ventures,292900000.0,25
IDG Ventures & Advantedge fund,0.0,0
IDG Ventures & Indian Angel Network,1000000.0,1
IDG Ventures India,76350000.0,16
IDG Ventures India Advisors,4000000.0,1
IDG ventures,1100000.0,1
IFC,83500000.0,2
IFC Everstone Group,27000000.0,1
IFMR Capital,11620000.0,4
IFMR Capital Finance,2500000.0,1
"IFMR, and MAS Financial Services Ltd",4000000.0,1
IIFL,0.0,0
IIFL Seed Ventures,2400000.0,1
IIFL Seed Ventures Fund,7500000.0,1
IIFL Wealth,19000000.0,1
IIFL Wealth Management Seed Venture Fund,16000000.0,1
IIFL and Accel Partners,30000000.0,1
IIT Ropar,0.0,0
IL&FS,32000000.0,1
IL&FS Investment Managers,1600000.0,1
IL&FS Private Equity,2500000.0,1
ILearnFinance Academy Pvt. Ltd.,700000.0,1
IMJ Investment Partners,4600000.0,1
IMM Investment,15000000.0,1
ITW Digital,500000.0,1
Ibibo Group,0.0,0
Idea Wave Labs,0.0,0
IdeaSpring Capital,500000.0,1
Ideaspring Capital,1700000.0,3
Ideation Initiative Pvt. Ltd,670000.0,1
Idein Ventures,520000.0,3
Ignition Partners,40000000.0,2
Imanpreet Singh Arora,0.0,0
Impact Investment Holding,0.0,0
Impanix Capital,5000000.0,1
InCred,385000.0,1
InCred Finance,312000.0,1
InMobi,315000.0,1
Inara Capital,0.0,0
Inc,0.0,0
Inc95 Consulting,311000.0,1
Incofin Investment Management.,6000000.0,1
Incubate Fund,0.0,0
Incubate Fund India,0.0,0
Incubation Foundation (SIIF),0.0,0
India Alternatives,12000000.0,1
India Educational Investment Fund,0.0,0
India Innovation Fund India Venture Partners,0.0,0
India Internet Fund,700000.0,1
India Nivesh Growth Fund,13000000.0,1
India Quotient,67243000.0,18
India Quotient & other investors,0.0,0
India Quotient and LetsVenture\\xe2\\x80\\x99s Angel Fund,0.0,0
India Quotient and others,441000.0,1
India Quotient.,1200000.0,1
India Value Fund Advisors,30000000.0,1
India Ventures,0.0,0
IndiaMart,0.0,0
IndiaNivesh Venture Capital Fund,2000000.0,1
Indian Angel Network,17232000.0,23
Indian Angel Network (IAN),3100000.0,2
Indian Angel Network and other angel investors,0.0,0
Indian Angel network,450000.0,1
Indian Angels Network,0.0,0
Indian Quotient,5000000.0,1
Indian fintech fund,354600.0,1
Individual Investors,46872000.0,4
Individual investors,278000.0,1
Indochine International,500000.0,1
Indus Age Partners,700000.0,1
IndusAge Partners,14000000.0,1
Infibeam,22866000.0,2
Infina Finance Pvt. Ltd,1350000.0,1
Inflexionpoint,0.0,0
Info Edge,3872000.0,3
Info Edge (India),25147000.0,2
Info Edge (India) Ltd,10680000.0,9
Info Edge (India) Ltd and Temasek,27700000.0,1
InfoEdge,6300000.0,3
Infocomm Development Authority of Singapore,360000.0,1
Infocomm Investments,675000.0,1
Infosys,3000000.0,1
Infosys Innovation Fund,10000000.0,1
Infosys co-founder Kris Gopalakrishnan,0.0,0
Infuse Ventures,6050000.0,4
Infuse Ventures fund,0.0,0
Ingram Content Group,30000.0,1
Initia Holdings,1000000.0,1
InnoVen Capital,18200000.0,4
InnoVen Capital India,21400000.0,2
Innogy,32000000.0,1
Innov8,25000000.0,1
Innov8 founder Ritesh Malik,0.0,0
Innovations East,3000000.0,1
Innoven Capital,29300000.0,5
Insight Partners,75000000.0,1
Insight Venture Partners,18000000.0,1
Insignia Ventures Partners,1100000.0,1
Insistor,2000000.0,1
Insitor Impact Asia Fund,2500000.0,1
Instalabs,500000.0,1
Institutional Venture Partners,30000000.0,1
InsuResillience Investment Fund,0.0,0
Intel Capital,13500000.0,1
Intel Capital & Kae Capital,6000000.0,1
IntelleGrow,3800000.0,1
Intellecap Impact Investment Network,700000.0,1
"Intellecap Impact Investment Network, family office fund",160000.0,1
Intelli Reboot Digital Pvt. Ltd,0.0,0
InterGlobe Technology Quotient,1000000.0,1
InterWest Partners,16000000.0,1
International Finance Corp,60000000.0,1
International Finance Corporation,44000000.0,3
International Finance Corporation (IFC),85500000.0,3
International Financial Corporation,15000000.0,1
Internet Group,500000.0,1
Intex Technologies,0.0,0
Inventus Capital,17150000.0,3
Inventus Capital Partners,38500000.0,3
Investment AB Kinnevik,150000000.0,1
Investopad,0.0,0
Investors from Mumbai Angels & LetsVenture,0.0,0
Iron Pillar,22000000.0,1
Iron Pillar and IIFL,10000000.0,1
Ishan Manaktala,0.0,0
Ishwar Singh,0.0,0
Ivy League Alumni Angel Network,2000000.0,1
IvyCamp Ventures,0.0,0
IvyCap Ventures,43650000.0,5
IvyCap Ventures and Unicorn India Ventures,0.0,0
Ivycap Ventures Advisors,4000000.0,1
J.P. Bhatt,0.0,0
JAFCO Asia,11000000.0,2
JLL,3100000.0,2
JM Financial Products Ltd,0.0,0
JM Financials and MEMG,0.0,0
JMR Infotech India Pvt Ltd,0.0,0
JS Capital,13000000.0,1
JS Capital Management,16000000.0,1
JSW Ventures,9000000.0,2
Jaarvis Accelerator,0.0,0
Jacqueline Fernandez,0.0,0
Jagdish & Sandeep Mehta Family Office,2300000.0,1
Jagdish Kumar,0.0,0
Jai Choi,500000.0,1
Jaideep Mehta,0.0,0
Jaikumar Nair,0.0,0
Jairaj Singh,0.0,0
Jamil Khatri,0.0,0
Jan Manten,0.0,0
Janak Jain,300000.0,1
Janak Parikh,0.0,0
Japan & Teruhide Sato (in Addition to MKS Switzerland & Kris GopalKrishnan),380000.0,1
Japan Vyas,0.0,0
"Jarett Posner, and Amit Bhatiani",2200000.0,1
Jason Hirschhorn,2200000.0,1
Jaspal Bindra,0.0,0
Jasper Infotech Pvt Ltd,57000000.0,1
Jaspreet Bindra,200000.0,1
Jatin Aneja,620000.0,1
Javelin StartupO Victory Fund,250000.0,1
Jay Sethuram,270000.0,1
Jay Srinivasan,785000.0,1
Jay Vijayan,500000.0,1
Jayabalan Subramanian,125000.0,1
Jayant Bokadia,320000.0,1
Jayant Davar,440000.0,1
Jayant Humbarwadi,0.0,0
Jayant Kadambi,0.0,0
Jaydeep Barman,0.0,0
Jayesh Parekh,275000.0,1
Jayesh Shah,0.0,0
Jaysukh Sapra,3000000.0,1
Jeevanandhan Rajagopal,0.0,0
Jeroen Mensen,500000.0,1
Jessica Wong,0.0,0
Jim Schimdktke,0.0,0
Jitendra Gupta,50000.0,1
Jitendra Gupta & Others,1100000.0,1
Jitendra Gupta & others,100000.0,1
Jitu Virwani,7500000.0,1
Joby Babu,300000.0,1
John Katzman,1700000.0,1
Jonathan Boutelle,0.0,0
Jones Lang LaSalle,3800000.0,1
"Josh Talks founders Supriya Paul and Shobha Banga, and former Hero Corporate president Rohit Chanana",0.0,0
Jozef Bardik,150000.0,1
Jr. Millennium Trust,0.0,0
Jungle Venture Partners,0.0,0
Jungle Ventures,59200000.0,12
Jungle Ventures & Bessemer Venture Partners,8000000.0,1
Jupiter Capital,0.0,0
Justin Kan,3000000.0,1
Jyoti Bansal,9500000.0,1
K Ganesh,5000000.0,1
K2 Capital,825000.0,1
KAE capital,0.0,0
KARSEMVEN Fund,825000.0,1
KCK Global & Others,49700000.0,1
KCL,140000.0,1
KDDI\\xc2\\xa0,0.0,0
KJS Group,5000000.0,1
KK Mehra,300000.0,1
KStart Capital,1750000.0,2
KTB Network,7400000.0,1
KWAN Entertainment & Marketing Solutions,350000.0,1
Kae Capital,41973000.0,17
Kae Capital & Others,2500000.0,1
Kae Capital Management,0.0,0
Kaizen Management Advisors,10000000.0,1
Kaizen Private Equity,0.0,0
Kalaari Capital,591370000.0,46
Kalaari Capital Accelerator Program,1500000.0,3
Kalaari Capital Partners,3000000.0,1
Kalaari Capital and IDG Ventures India,3100000.0,1
Kalaari Capital and Inventus Capital,21000000.0,1
Kalaari Capital and Others,120000000.0,1
Kalaari Capital and Private equity firm Multiples Alternate Asset Management,100000000.0,1
"Kalaari Capital, and Nandan Nilekani",26000000.0,1
Kalpana Tatavarti,0.0,0
Kalpavriksh,3000000.0,1
Kalpvriksh,3100000.0,1
Kalyan Krishnamurthy,307000.0,1
Kamal Bansal,0.0,0
Kamal Chabra,100000.0,1
Kamal Kothari,0.0,0
Kamal Puri,0.0,0
Kanchan Ghoshal,100000.0,1
Kanodia family,0.0,0
Kanpur Angels & Others,200000.0,1
Kantilal Patel,5000000.0,1
Kanwaljit Singh,3000000.0,2
Kapil Dev,145000.0,1
Kapil Goel,145000.0,1
Kapil Hetamsaria,200000.0,1
Karan Bajwa,0.0,0
Karan Bhagat,0.0,0
Karan Chellani,0.0,0
Karan Maheshwari,0.0,0
Karanpal Singh,2000000.0,1
Karanpal Singh & Others,1000000.0,1
Karnataka Semiconductor Venture Capital firm,500000.0,1
Karthee Madasamay,0.0,0
Kartik Hosanagar,1700000.0,1
Kashyap Deorah,1700000.0,1
Katabole Technology Venture,100000.0,1
Kaushal Agarwal,300000.0,1
Kedar Lele,200000.0,1
Keiretsu Forum,1450000.0,2
Keiretsu Forum & Others,780000.0,1
Keith Rodricks,100000.0,1
KellyGamma,0.0,0
Kemark Ventures,300000.0,1
Keshav Sanghi,500000.0,1
Kevin Parikh,285000.0,1
Keystone Group,6000000.0,1
Keyur Joshi,500000.0,1
Khattar Holdings,3600000.0,1
Khazanah Nasional Berhad,215000000.0,3
Khosla Impact,19150000.0,3
Khosla Ventures,23000000.0,3
Kickstarter,30768.0,1
Kima Ventures,3000000.0,1
Kingsway FCI Fund,49700000.0,1
Kinnevik Group,0.0,0
Kinzon Capital,15000000.0,1
Kiran Bhat,115000.0,1
Kiran Deshpande,600000.0,1
Kiran Mazumdar-Shaw,1200000.0,1
Kiran Shetty,0.0,0
Kirthiga Reddy,297000.0,1
Kishor Ganji,0.0,0
Kishore Ganji,5000000.0,1
Kishore Kumar,300000.0,1
Kiyohiro Sugashita,500000.0,1
Kleiner Perkins,15000000.0,1
Kludein LLC\\nPhanindra Sama,0.0,0
Knoll Ventures and others,5000000.0,1
Koen Bouwers,500000.0,1
Konglo Ventures,0.0,0
Konly Venture,7200000.0,1
Korea Investment Partners,11500000.0,1
Korea Investment Partners (KIP),0.0,0
Kotak Mahindra Bank,3800000.0,1
Kris Gopalakrishnan,92040000.0,4
Kris Gopalakrishnan & Others,1200000.0,1
Krish Seshadri,500000.0,1
Krishan Gupta & Others,1000000.0,1
Krishna Jhujhunwala,250000.0,1
Krishna Jhunjhunwaala,0.0,0
Krishna Jhunjhunwala,0.0,0
Krishna Mehra,0.0,0
Krishna Rokhale,100000.0,1
Krishnakumar Nataraj,595000.0,1
Krishnakumar Natarajan,385000.0,1
Krit Sankalp,0.0,0
Kshitij Arora,0.0,0
Kshitij Jain,0.0,0
Kstart Capital,0.0,0
Kumar Bansal,0.0,0
Kumar Shwetabh,350000.0,1
Kumar Vembu,3600000.0,1
Kunal Bahl,15839000.0,9
Kunal Bajaj,650000.0,1
Kunal Khattar,1000000.0,1
Kunal Shah,9300000.0,8
Kunal Shah & Sandeep Tandon,1900000.0,1
Kunal Shah and Manish Patel.,17200000.0,1
L.D Sharma,150000.0,1
LG Chandrasekhar,2000000.0,2
LGT Group,8200000.0,1
LGT Impact,55000000.0,1
LGT Impact Ventures,13500000.0,1
LN Buddharaju,0.0,0
LV Prasad,0.0,0
L\\xe2\\x80\\x99Occitane,11300000.0,2
Labruyere Eberl\\xc3\\xa9,0.0,0
Lahiri Music\\xe2\\x80\\x99s family office,0.0,0
Lakestar and Jungle Ventures,29500000.0,1
Lakshmi Narayanan,30000000.0,1
Lakshmi Vilas Bank & undisclosed HNIs,1400000.0,1
Lalit Mangal,300000.0,2
Lalit Mangal & Others,0.0,0
Lalit Vase,100000.0,1
Lalitesh Katragadda,750000.0,1
Langoor,0.0,0
Lantern Capital,1000000.0,1
Larry Braitman,1150000.0,1
Lashit Sanghvi,1500000.0,1
Lasmer NV,3591375.0,1
Lead Angel Network,0.0,0
Lead Angels,400000.0,1
Lead Angels & Others,0.0,0
Lead Angels Group & Others,0.0,0
Lead Angels Network,288995.0,2
LeapFrog Investments,72000000.0,2
Learn Capital,9500000.0,1
Lemelson Foundation,3500000.0,1
Lensbridge Capital,600000.0,1
Leo Capital,2000000.0,1
Leo Wang Sangeeth Ram,150000.0,1
Leon Seynave,0.0,0
Let\\xe2\\x80\\x99s Venture,500000.0,1
LetsVenture,9215000.0,14
LetsVenture & Others,1100000.0,1
LetsVenture investors,400000.0,1
Li Jian,0.0,0
Li Tao,0.0,0
Liberty Media,100000000.0,1
Life.SREDA,0.0,0
LightBox Ventures,6000000.0,1
LightSpeed Ventures,25000000.0,1
LightStreet,150000000.0,1
Lightbox,52000000.0,2
Lightbox Expansion Fund,6300000.0,1
Lightbox Ventures,71000000.0,4
Lightbox Ventures and others,5000000.0,1
Lightbridge Partners & Kairos,1100000.0,1
Lighthouse,157200000.0,1
Lighthouse Funds & Thuasne Participations,21000000.0,1
Lightspeed & Yuri Milner,50000000.0,1
Lightspeed India,4000000.0,2
Lightspeed India Partners,23100000.0,5
Lightspeed US,10000000.0,1
Lightspeed Venture Partners,741600000.0,11
Lightspeed Venture Partners India,10000000.0,1
Lightspeed Ventures,75500000.0,3
Ligthbox Ventures II,6300000.0,1
Likemind Ventures,0.0,0
Lindwall Family Investments LLC (LFI),500000.0,1
Line Corp,23000000.0,1
Line Ventures Corporation,23000000.0,1
Lion Ventures,200000.0,1
LionRock Capital,600000.0,1
Lionrock Capital,2500000.0,1
Lip-Bu Tan,0.0,0
Liquid 2 Ventures,8000000.0,1
Littlerock,0.0,0
Logtally,0.0,0
Lohia Group,10000000.0,1
Lok Capital,46000000.0,3
Lomesh Agarwal,500000.0,1
Lothal Angel Ventures,298000.0,1
Low Carbon Enterprise Fund,0.0,0
Lumina Datamatics,1000000.0,1
Lumis Partners,16900000.0,3
Luxasia Group,0.0,0
M & S partners,1000000.0,1
M George Oommen,540000.0,1
M&S Partners,13860000.0,7
M&S Partners & others,0.0,0
M&S Partners Pte. Ltd,250000.0,1
M&Y Partners,0.0,0
MAPE Advisory Group,0.0,0
"MASSIF, a Dutch government fund",5000000.0,1
MCube Capital Advisors Pvt Ltd,0.0,0
MCube8,0.0,0
MDI Ventures & Telkom Indonesia,4000000.0,1
MEMG CDC,26000000.0,1
MEMG Family Office,1040000.0,1
MGV,8000000.0,1
MJ Aravind,440000.0,1
MMY co-Founder,245000.0,1
MS Dhoni,11000000.0,1
MadhanKumar Madathupalayam,0.0,0
Madhukar Gangadi,2500000.0,1
Madhusudan E,0.0,0
Madhusudhan Jujare & Others,0.0,0
Madhusudhan Kannan,0.0,0
Mahalingam K,300000.0,1
Mahavir Pratap Sharma,150000.0,1
Mahavir Sharma,175000.0,1
Mahendra Doshi,150000.0,1
Mahendra Patel,40000.0,1
Mahesh Kothurkar,500000.0,1
Mahesh Murthy,400000.0,1
Mahesh Parasuraman,0.0,0
Mahesh Pratapneni,500000.0,1
Maheshwar Peri,1500000.0,1
"Maheshwar Peri, founder and chairman of career information portal Careers360, and Jamshed Jeejeebhoy, director at Byramjee Jeejeebhoy Pvt. Ltd were among the angels",150000.0,1
Maheshwari Investments Pvt Ltd,330000.0,1
Mahindra & Mahindra and Infuse Ventures,2000000.0,1
Mahindra Holidays & Resorts India Ltd,450000.0,1
Mahindra Partners,21000000.0,1
Mahindra Univeg,0.0,0
Mahindra and Mahindra Financial Services,2300000.0,1
Maiden Lane Ventures,2700000.0,1
MakeMyTrip,30000000.0,3
MakeMyTrip Innovation Fund,0.0,0
MakeMyTrip Limited,10000000.0,1
Malini Patel,155000.0,1
Malvinder and Shivinder Singh,2400000.0,1
Mamoru Taniya,10000000.0,1
Man Capital,2000000.0,1
Man Capital LLP,2000000.0,1
Mandar Mhatre,0.0,0
Mandeep Singh,0.0,0
Mandhian family & Others,3100000.0,1
Mangrove Capital Partners,0.0,0
Mangroves Capital Partners,3000000.0,1
Manickam Mahalingam,500000.0,1
Maninder Gulati,0.0,0
Manipal Education and Medical Group (MEMG),54500000.0,2
Manipal Global Education Services,3000000.0,1
Manipal Group,200000.0,1
Manish Amin,0.0,0
Manish Dhingra,1300000.0,1
Manish Dugar,400000.0,1
Manish Gandhi,100000.0,1
Manish Gupta,0.0,0
Manish Kheterpal,2700000.0,3
Manish Maheshwari,2000000.0,1
Manish Poddar,570000.0,1
Manish Prasad,300000.0,1
Manish Shah,300000.0,1
Manish Singhal,300000.0,1
Manish Vij,285000.0,1
Manisha Gupta,0.0,0
Manoj Kumar & Other undisclosed investors,0.0,0
Manoj Varghese,0.0,0
Manpreet Singh,0.0,0
Mantra Ventures,1000000.0,1
Manvinder Singh Banga,0.0,0
Mape Advisory,1000000.0,1
Mape Advisory Group,600000.0,1
Maple Capital Advisors,0.0,0
MapmyIndia,0.0,0
March Capital,145000000.0,1
March Capital Partners,89080000.0,2
Marico Innovation Foundation (MIF),0.0,0
Mariwala family,12300000.0,1
Mark Mobius & 9 Other Angel investors,0.0,0
MasterCard,0.0,0
Mathew Cyriac,7150000.0,2
Mato Peric,0.0,0
Mato Peric & Others,0.0,0
Matrix PArtners,2000000.0,1
Matrix Partner,0.0,0
Matrix Partners,625900000.0,20
Matrix Partners India,69500000.0,7
Matrix Partners India and Zodius Capital,29000000.0,1
"Matrix Partners, alcon Edge Capital",31000000.0,1
Matt Glickman,0.0,0
Matt Mullenweg,0.0,0
Maverick Capital,15000000.0,1
Maverick Capital Ltd and HBM Healthcare Investments Ltd,10000000.0,1
Maverick Capital Ventures,30000000.0,2
Max Levchin,1300000.0,1
Max Ventures and Industries,0.0,0
Mayank Bhangdia,1000000.0,1
Mayank Mittal & Others,200000.0,1
Mayank Shah,1000000.0,1
Mayank Singhal,6000000.0,1
Mayank Singhal and others,0.0,0
Mayfield,14500000.0,2
Mayfield & Others,5000000.0,1
Mayfield Capital,10750000.0,1
Mayfield Fund,1300000.0,1
Mayfield India,67450000.0,6
Mayfield India II Management Ltd,3000000.0,1
Mayfield Ventures,32000000.0,5
Mayur Abhaya,1500000.0,1
Medi Assist,1000000.0,1
MediAssist,1350000.0,1
MediaTek,50000000.0,1
MediaTek Inc.,60000000.0,1
Meet Kanodia,0.0,0
Meher Roy,0.0,0
Mehul Shah,150000.0,1
Mekin Maheshwar,0.0,0
Mekin Maheshwari,1750000.0,3
Menterra Social Impact Fund,1240000.0,2
Menterra Venture & Artha Initiatives,0.0,0
MeraEvents.,120000.0,1
Mercury Fund,500000.0,1
MeritTrac,0.0,0
Meritech Capital Partners,50000000.0,1
Meru Capital,25000000.0,1
Metaform Ventures,436000.0,1
Michael & Susan Dell Foundation,28400000.0,6
Michael Blakey,0.0,0
Michael Carlos,9500000.0,1
Michael Herzig,750000.0,1
Michael Marks,0.0,0
Michael Patrick Hickey,148434.0,1
Michael and Susan Dell Foundation,5000000.0,3
Micro venture capital firm GEMS Partners and Others,436000.0,1
Micromax,0.0,0
Micromax Informatics,15000000.0,1
Micromax Informatics Ltd,0.0,0
Microsoft Ventures,23000000.0,1
"Microsoft, eBay",1400000000.0,1
Mike Galgon,500000.0,1
Mike Shah,625000.0,1
Milestone,6320820.0,1
Milind Chaudhary,200000.0,1
Milind Sarwate,0.0,0
Milliways Ventures,1000000.0,1
Mirah Hospitality,470000.0,1
Mistletoe,8000000.0,2
Mitali Pawar,200000.0,1
Miten Mehta,0.0,0
Mitesh Majithia,2500000.0,1
Mitesh Shah,1000000.0,1
Mitin Patel,0.0,0
Mitsui & Co & existing investors,21500000.0,1
Mitsui & Co.,55000000.0,2
MoMagic Technologies,1475000.0,2
Mobikon,0.0,0
Mohammed Bin Abdul Rehman Al Khalifa,1500000.0,1
Mohammed Khan,250000.0,2
Mohan Alexander,350000.0,1
Mohan Kumar,0.0,0
Mohan Tanksale,0.0,0
Mohandas Pai,150000.0,1
Mohandas Pai & others,4900000.0,2
Mohandas Pai. Pallav Nadhani,0.0,0
Mohit Agarwal,0.0,0
Mohit Goel,1000000.0,1
Mohit Gulati,0.0,0
Mohit Gupta,2500000.0,1
Mohit Joshi & Others,330000.0,1
Mohit Lalvani,500000.0,1
Mohit Satyan,0.0,0
Mohit Satyanand,0.0,0
Mohit Satyanand & others,0.0,0
Mohit Saxena,400000.0,1
Mohit Sharma,0.0,0
Mohit Srivastav,5000000.0,1
Mohr Davidow Ventures,16000000.0,1
Moksh Sports Ventures,464000.0,1
Montane Ventures,3100000.0,1
Morgan Stanley,50000000.0,1
Morgan Stanley Private Equity Asia,36230000.0,1
Mount Nathan Advisors,3000000.0,2
Mount Nathan Advisors Pte Ltd,500000.0,1
Mountain Pain Capital,537000.0,1
Mountain Pine Capital,1500000.0,1
Mousse Partners,160000000.0,2
Mr. Manoj Prasad,500000.0,1
Mr. Praveen Someshwar,0.0,0
Mr. Sudhir & Ms. Shalini Sethi,0.0,0
Mridul Upreti,0.0,0
Mudit Saxena,200000.0,1
Mukesh Bansal,0.0,0
Mukesh Kumar Gupta,50000.0,1
Mukul Singhal,1700000.0,2
Multiple Angel Investors,319605.0,1
Multiple investors,150000.0,1
Multiple investors through Ten Minute Million competition,90000.0,4
Multiples Alternate Asset Management,85000000.0,1
Multipoint Capital,1400000.0,1
Mumbai Angel,1500000.0,1
Mumbai Angels,63100000.0,9
Mumbai Angels & Group of other investors,0.0,0
Mumbai Angels & Other angel investors,350000.0,1
Mumbai Angels MAPE Advisory Group.,0.0,0
Mumbai Angels Network,650000.0,1
"Mumbai Angels, ah! Ventures",1500000.0,1
Munesh Khanna,233000.0,1
Munish Jauhar,0.0,0
Murali Nair,175000.0,1
Murugappa Group,0.0,0
Mustafa Patni,0.0,0
Mustafa Wajid,0.0,0
Myntra) and Mitesh Shah (finance chief,500000.0,1
Myntra/LivSpace Founders,0.0,0
N Squared Management LLC,2300000.0,1
N.S. Raghavan Centre for Entrepreneurial Learning,0.0,0
NB Ventures,3350000.0,3
NB Ventures and Others,0.0,0
NEA,13300000.0,2
NEA Ventures,10000000.0,1
NGP,11000000.0,1
NPTK,12000000.0,1
NR Narayana Murthy.,12000000.0,1
NSI Infinium Global Pvt. Ltd,8900000.0,1
NTT Finance,0.0,0
NY based Hedge Fund,225000000.0,1
Nagaraja Prakasam,0.0,0
Nagendra Chaudhary,1000000.0,1
Nagendra Prasad Bhanuprakash,223608.0,1
Nahata Family,5400000.0,1
Nalin Jain,205000.0,1
Nalin Jain & other angel investors,220000.0,1
Naman Sarawagi,0.0,0
Namrata Kaul,0.0,0
Nanadan Nilekani,315000.0,1
Nandan Nilekani,41150000.0,6
Nandan Nilekani\\xe2\\x80\\x99s NRJN Trust,5500000.0,1
Nandkumar Rane,0.0,0
Nandu Nandkishore,0.0,0
NanoHoldings,18000000.0,1
Narayan Ramachandran,1200000.0,1
Narayan Seshadri,15000000.0,1
Narendra Karnavat,0.0,0
Naresh Ravindranath,0.0,0
Narottam Thudi,850000.0,1
Nasper,80000000.0,1
Naspers,296000000.0,3
Natarajan Iyer,0.0,0
National Science and Technology Entrepreneurship Development Board,30000.0,1
Native Angels Network,0.0,0
Naturals Salon Chain,15000000.0,1
Naveen Arya,2000000.0,1
Naveen Gupta,30000.0,1
Naveen Tewari,3000000.0,2
Naveen Tiwari,400000.0,1
Naver,23000000.0,1
Navjot Saini,300000.0,1
Navneet Education and Mahavir Agency,17000000.0,1
Naya Ventures,1000000.0,1
Nazara Games,0.0,0
Nazara Technologies,0.0,0
Nazara Technologies Pvt Ltd,0.0,0
Nederlandse Financierings-Maatschappij voor Ontwikkelingslanden N.V.,4700000.0,1
Neelesh Bhatnagar,4000000.0,1
Neeraj Aggarwal,2250000.0,1
Neeraj Arora,0.0,0
Neeraj Goenka,370000.0,1
Neeraj Jawalkar,400000.0,1
Neha Vats,80000.0,1
Nelstone Ventures,2700000.0,1
Neoplux,5500000.0,1
Neoplux Technology Fund,10000000.0,1
Neoteric Infomatique Limited,3000000.0,1
Ness Wadia,490000.0,1
Net1 UEPS Technologies Inc,40000000.0,1
Network 18,88230000.0,2
New Atlantic Ventures,5000000.0,1
New Enterprise Associates,82100000.0,4
New Enterprise Associates (NEA),5200000.0,1
"New Enterprise Associates (NEA), e.ventures, ru-Net",11000000.0,1
New India Investment Corporation,4850000.0,1
Newbie Promoter Pvt Ltd,100000.0,1
Newbie Promoters,150000.0,1
Newfort Capital,500000.0,1
Next Orbit Ventures Fund,750000.0,1
Nexus,0.0,0
Nexus India Capital Advisors,8500000.0,1
Nexus Venture Partners,457730200.0,27
Nexus Venture Partners and Arena Ventures,1800000.0,1
Nexus Venture Partners and Blume Ventures,11500000.0,1
Nexus Ventures,13500000.0,1
Nexus venture Partners,18000000.0,1
Nibhrant Shah,175000.0,1
Nick Adams,115000.0,1
Nick Haulkoury,300000.0,1
Nicolas Braithwaite,0.0,0
Nihon Kotsu,500000.0,1
Nihon Kotsu Co,1000000.0,1
Nikhil Arora,0.0,0
Nikhil Bagri,100000.0,1
Nikhil G and Bhavesh P,200000.0,1
Nikhil Golcha,448000.0,1
Nikhil Vora,1500000.0,1
Nikhil Vora & others,0.0,0
Nikunj Jain,240000.0,1
Nikunj Jhaveri,1000000.0,1
Nilender Chauhan,40000.0,1
Nilesh Shah,0.0,0
Niloufer Dundh,0.0,0
Nimit Panigrahi,0.0,0
Nimitt Desai & Others,0.0,0
Nimmagadda Prasad,0.0,0
Ninestarter,500000.0,1
Nipun Dureja,100000.0,1
Niraj Singh,270000.0,2
Nirav Choksi & Others,0.0,0
Nirmal Singh,300000.0,1
Nirupa Shankar,550000.0,1
Nirvana Digital India Fund,14000000.0,2
Nirvana Digital Investment Holding,6000000.0,1
Nirvana Digital Investment Holding Co Ltd,8000000.0,1
Nirvana Venture Advisors,2000000.0,1
Nisha Sharma,0.0,0
Nishant Rao,4500000.0,1
Nishit Sharma,0.0,0
Nitesh Pant,150000.0,1
Nitin Agarwal,300000.0,1
Nitin Bagmane & Other undisclosed investors,1000000.0,1
Nitin Garg,0.0,0
Nitin Passi,500000.0,1
Nitin Saluja,0.0,0
Nitish Singh,0.0,0
Nobel House,0.0,0
Nokia Growth Partners,15000000.0,1
North Base Media,3000000.0,1
Northern R Capital,0.0,0
Norwest Venture Partners,453599000.0,17
Noshir Kaka,600000.0,1
Not Disclosed,20000.0,1
Notion Capital,2700000.0,1
Now Capital,180000.0,1
Nspira,0.0,0
Nyca Partners and Thomvest Ventures,13500000.0,1
ONCOTRUST and Medintel Services Pvt. Ltd,200000.0,1
OPPO,5500000.0,1
Oikocredit,10600000.0,2
Ojas Ventures,382000.0,1
Ola,25000000.0,1
Oliphabs Capital,2000000.0,1
Oliphans Capital,1450000.0,2
Om Chaudhry,0.0,0
Oman India Joint Investment Fund (OIJIF),23000000.0,1
Omidiyar Network,0.0,0
Omidyar Network,167300000.0,16
Omidyar Network & Others,1500000.0,1
Omidyar Network and Accion Venture Labs,1500000.0,1
Omidyar Network and Kae Capital,15000000.0,1
Omidyar Network and Kaizen Private Equity also participated in the round,55000000.0,1
Omidyar Network and Shunwei Capital,5000000.0,1
Omidyar Network.,1600000.0,1
Omidyar Network. Blume Ventures and Professor Shlomo Ben-Haim,2800000.0,1
Omidyar Networks,0.0,0
Omnivore,14000000.0,1
Omnivore Capital,1000000.0,1
Omnivore Partners,971000.0,1
Omphalos Ventures India LLP,143000.0,1
One 97 Communications,8950000.0,1
One97 Communication Ltd,0.0,0
One97 Communications,0.0,0
One97 Communications Ltd.,6590000.0,1
"Ontario Teachers\\'""",19500000.0,1
Ontario Teachers\\xe2\\x80\\x99 Pension Plan & Others,200000000.0,1
Oranda Global & Others,30000.0,1
OrbiMed,50000000.0,1
Orchid India,3591375.0,1
Orient BlackSwan,336000.0,1
Orios Venture Partner,1000000.0,1
Orios Venture Partners,70000000.0,11
Orios Venture Partners and the IAN Fund,4000000.0,1
Orios Venture Partners.,15000000.0,1
Orios Ventures Partners,0.0,0
Oswal Techno Ventures LLP,400000.0,1
Others,5000000.0,3
Others from LetsVenture,250000.0,1
Outbox Ventures,2790000.0,4
P.V SIndhu,6200000.0,1
P39 Capital,0.0,0
P39 Capital & Others,300000.0,1
PBS Srinivas,125000.0,1
PK Gulati & others,450000.0,1
PNC,0.0,0
PS1 Venture and GlobalLogic co-founder Rajul Garg,1500000.0,1
PV Sahad,0.0,0
PV Srinivasan,366000.0,1
Pablo van den Bosch & Others,500000.0,1
Palaash Ventures,0.0,0
Palash Jain,200000.0,1
Pallab Chatterjee & others,500000.0,1
Pallav Nadhani,500000.0,2
Pallav Pandey,0.0,0
Palred Technologies Ltd,3000000.0,1
Pameela P,0.0,0
Pankaj Chopra,80000.0,1
Pankaj Gupta,2600000.0,2
Pankaj Kapoor,180000.0,1
Pankaj Rungta,0.0,0
Pankaj Tripathi,50000.0,1
Paragon Partners,53100000.0,3
Paragon Trust,1000000.0,1
Parampara Capital,2000000.0,2
Parampara Early Stage Opportunities Fund & Others,0.0,0
Paras Arora,0.0,0
Parekh Marine Transport,430665.0,1
Parikshit Dar,5800000.0,1
Parmeshwar Sharma,570000.0,1
Partech Ventures,5600000.0,1
Parth Jindal,0.0,0
Parvesh Bareja,0.0,0
Patni Family Office,0.0,0
Patni family office and Axis Capital.,0.0,0
Paul Bucche,3000000.0,1
Paul Roy,890000.0,1
Paula Ravindra Mariwala,1200000.0,1
Pavan Bakeri,500000.0,1
Pavan Ongole,800000.0,2
Pawan Borle,300000.0,1
Pawan Munjal,0.0,0
PayU,26400000.0,3
PayU & Others,18000000.0,1
Payal Syal,300000.0,1
Paytm,92515000.0,7
Paytm & existing investors,10000000.0,1
Paytm (One97 communications),0.0,0
Pearl Brook Holdings,0.0,0
Pearson Learning Fund,1500000.0,1
Peepul Capital,19000000.0,2
Peesh Venture Capital,1000000.0,1
People Group (Shaadi.com),1000000.0,1
Perceptive Advisors,22000000.0,1
Peter Kabel & others,0.0,0
Peyush Bansal,1400000.0,1
Phanindra Sama,9370000.0,7
Philippe Bouchet,100000.0,1
Pi Ventures,1000000.0,1
Pidilite Industries director Ajay Parekh,26000000.0,1
Pine Brook,15000000.0,1
Pine Labs Pte Ltd,38080000.0,1
Ping An Global Voyager Fund,70000000.0,1
Pioneering Ventures,3000000.0,1
PitchRight Venture,600000.0,1
Pittie Group,100000.0,1
Pix Vine Capital,360000.0,1
Piyush Jain,0.0,0
Piyush Shah,400000.0,1
Plug and Play Tech Center,1070000.0,1
Polaris Fund,1000000.0,1
Poshika Financial Ecosystem,0.0,0
Powai Lake Ventures,1895000.0,3
"Powai Lake Ventures, and Sahil Barua",1000000.0,1
Powerhouse Ventures,5090000.0,3
Powerhouse Ventures & Others,350000.0,1
Powerhouse Ventures (USA).,1000000.0,1
Prabhakar MR & Others,150000.0,1
Prabhat Aggarwal,0.0,0
Pradeep Dhobale,0.0,0
Pradeep Guha,250000.0,1
Pradeep K Jaisingh,305000.0,1
Pradeep Mirani,300000.0,1
Pradeep Reddy Kamasan,0.0,0
Pradip Dadha Group,50000000.0,1
Pradyumna Dalmia,700000.0,1
Prahlad Rao,200000.0,1
Prakhar Bumb,0.0,0
Pramod Bhasin,0.0,0
Pramod Jain,0.0,0
Pranav Dedhia,200000.0,1
Pranav Pai,0.0,0
Pranay Adhvaryu,0.0,0
Pranay Chulet,0.0,0
Pranay Jivrajka,300000.0,1
Prantik Dasgupta,0.0,0
Prashant Gooty,100000.0,1
Prashant Gupta and Others,180000.0,1
Prashant Jaiswal,0.0,0
Prashant Malik,310000.0,1
Prashant Malik and others,0.0,0
Prashant Mehta,200000.0,1
Prashant Puri,300000.0,1
Prashant Tandon,285000.0,1
Prashanth Ranganathan,200000.0,1
Prasid Uno Family Trust,17000000.0,1
Prathithi Investment Trust,3200000.0,1
Pratik Seal,0.0,0
Pratik Singhi,175000.0,1
Pratithi Investment Trust,1040000.0,1
Pratyush Prasanna,500000.0,1
Praveen Dubey,0.0,0
Praveen Saini,0.0,0
Praveen Sinha,2000000.0,1
Praveer Kumar,180000.0,1
Pravega Ventures,2900000.0,3
Pravega Ventures and Beenext,1100000.0,1
Pravin Agarwala & others,0.0,0
Pravin Dongre,150000.0,1
Pravin Gandhi,1000000.0,1
Pravin Khandelwal,1000000.0,1
Premji Invest,35000000.0,1
Premji Invest & Mayfield Fund,0.0,0
PremjiInvest,40000000.0,1
Presidio Ventures,16000000.0,1
Prijit Debnath,0.0,0
Prime Capital Markets Ltd,0.0,0
Prime Venture Partners,28000000.0,8
Prime Venture Partners and Others,3000000.0,1
Prime Venture Partners.,6000000.0,1
Priti Padhy,0.0,0
Private Sector Banks (Debt Funding),15000000.0,1
Procam International Pvt. Ltd,0.0,0
Prof. Ram Kumar Kakani & Others,50000.0,1
Professor Tarun Khanna,0.0,0
Promatus Group,27000.0,1
Prototyze,0.0,0
Pulkit Jain,0.0,0
Pullela Gopichand,6200000.0,1
Puneet Agarwal,400000.0,1
Puneet Bhatia & others,80000.0,1
Puneet Dalmia,4000000.0,1
Puneet Dalmia & Others,10000000.0,1
Puneet Gupta,0.0,0
Puneet Gupta and Pradeep K Jaisingh,0.0,0
Puneet Motihar,325000.0,1
Punit Goyal,0.0,0
Punit Soni,0.0,0
Purnima Khandelwal,1500000.0,1
PurpleTalk Inc,1000000.0,1
Puru Vashishtha,0.0,0
Purvi Capital,260000.0,1
Purvi Ventures,210000.0,1
Purvi Ventures & Others,400000.0,1
Puthen & Cole,0.0,0
QPrize from Qualcomm Ventures,250000.0,1
Qasar Younis,3000000.0,1
Qatar Investment Authority,150000000.0,1
Qiming Venture Partners,15109500.0,1
Quadria Capital Advisors,40000000.0,1
Quake Capital,350000.0,1
Qualcomm,25500000.0,2
Qualcomm (Through QPrize Contest),350000.0,1
Qualcomm Venture,24000000.0,2
Qualcomm Ventures,86750000.0,8
"Qualcomm Ventures, ru-Net",2000000.0,1
Qualgro,10000000.0,1
Qualgro.,7000000.0,1
Quarizon,488000.0,3
Quarizon Consultancy Services LLP,0.0,0
Quikr,0.0,0
Quilvest,100000000.0,1
Quintillion Media,2570000.0,2
Quona Capital,54600000.0,2
Quona Capital Management,3000000.0,1
Quotient,5000000.0,1
R Balachandar,0.0,0
R M Picture Company Pvt. Ltd.,150000.0,1
R Natarajan,0.0,0
R Ramaraj,0.0,0
R Ranganathan,200000.0,1
R. Jayakumar,0.0,0
R. Natarajan,350000.0,1
R. Satya Narayanan,0.0,0
R.S Sharma,0.0,0
RAAY Global Investments,1530000.0,1
RB International,4000000.0,1
RB Investments,82300000.0,10
RB Investments & existing investors,35000000.0,1
RB Investments PTE Ltd,6000000.0,1
RB investments & Others,12000000.0,1
RN Agarwal,0.0,0
RNT Capital,10600000.0,2
RPG Enterprises,1000000.0,1
RPS Ventures,110000000.0,1
RS Shanbag,735000.0,1
RSI Fund,55000000.0,1
RTP-HC,5000000.0,1
RVCF and SIDBI,0.0,0
RWE,16600000.0,1
Radhakrishan Damani and Rakesh Jhunjhunwala,32000000.0,1
Radhakrishnan Natarajan & Others,0.0,0
Raghav Bahl,3900000.0,2
Raghu Khanna,110000.0,1
Raghu Vohra,0.0,0
Raghunandan G,1500000.0,2
"Raghunandan G, and Ramakant Sharma",5000000.0,1
Rahul Agarwal,150000.0,1
Rahul Agarwalla,0.0,0
Rahul Dev Kumar,220000.0,1
Rahul Garg,0.0,0
Rahul Gautam & Others,0.0,0
Rahul Gupta,0.0,0
Rahul Kayan,448000.0,1
Rahul Khanna,441000.0,2
Rahul Khanna & Others,0.0,0
Rahul Kirloskar,150000.0,1
Rahul Maroli,1000000.0,1
Rahul Mehta,200000.0,1
Rahul Singh,200000.0,1
Rainbow Digital Services Pvt. Ltd,700000.0,1
Rainforest Ventures,486000.0,1
Rainmaker Ventures,6000000.0,2
Rainmatter,1597600.0,5
Rairah Corporation,949000.0,1
Raj Gala Shah,0.0,0
Raj Singh Bhandal,0.0,0
Raj Y,400000.0,1
Rajan Anandan,4457000.0,10
Rajan Anandan & other angel investors,1200000.0,1
Rajan Anandan from Google,3400000.0,1
Rajan Pandhare,250000.0,1
Rajasthan Angel Innovators Network,0.0,0
Rajasthan Angel Investor Network,0.0,0
Rajasthan Angel Investor Network & Others,149000.0,1
Rajasthan Venture Capital Fund,0.0,0
Rajat Gupta & Others,100000.0,1
Rajat Jain,320000.0,1
Rajat Malhotra,0.0,0
Rajeev Agrawal,100000.0,1
Rajeev Ahuja,0.0,0
Rajeev Arora and Ram Ramsundar.,280000.0,1
Rajeev Menon,5000000.0,1
Rajeev Mudumba,223608.0,1
Rajendra Gogri,2000000.0,1
Rajesh Aggarwal,0.0,0
Rajesh Arora,500000.0,1
Rajesh Balpande,5800000.0,1
Rajesh Bhatia,130000.0,1
Rajesh K Murthy,2700000.0,1
Rajesh Magow,2500000.0,1
Rajesh Mahajan,220000.0,1
Rajesh Ramaiah,2000000.0,1
Rajesh Ranavat,2750000.0,1
Rajesh Sawheny,120000.0,1
Rajesh Sawhney,500000.0,1
Rajesh Yabaji,0.0,0
Rajesh Yohanan and Rahul Garg,1000000.0,1
Rajesh Yohannan,1000000.0,1
Rajit Nanda,0.0,0
Rajiv C Mody,0.0,0
Rajiv Lunkad,0.0,0
Rajiv Mehta,250000.0,1
Rajiv Mody,1500000.0,1
Rajiv Nayan,550000.0,1
Rajiv Solanki,315000.0,1
Rajnish Kumar,100000.0,1
Rajnish Sinha,0.0,0
Raju Reddy,5000000.0,1
Rajul Garg,2310000.0,3
Rajul Garg & Other undisclosed investors,0.0,0
Rajul Garg & Others,0.0,0
Rajul Jain,104000.0,1
Rakesh Agrawal,200000.0,1
Rakesh Desai,1000000.0,1
Rakesh Gakhar,223608.0,1
Rakesh Gupta,0.0,0
Rakesh Jhunjhunwala,27000000.0,1
Rakesh Malhotra,1000000.0,1
Rakesh Mathur,1250000.0,2
Rakesh Patel,0.0,0
Rakesh and Rajesh Jhunjhunwala,3670000.0,1
Raksul,750000.0,1
Ram Kumar Kakani,405000.0,2
Ram Shriram,0.0,0
Rama Krishna Reddy,330000.0,1
Ramakant Sharma,2000000.0,1
Raman Roy,0.0,0
Ramana Thumu,100000.0,1
Ramasubramaniam B,0.0,0
Ramesh Jogani,785000.0,1
Ramesh kavediya,166000.0,1
Ranjan Mahtani,0.0,0
Ranjan Pai,6600000.0,2
Ranjan Sharma,2000000.0,1
Ranjit Singh,0.0,0
Rannvijay Singh,108000.0,1
Rannvijay Singha,0.0,0
Rashmi Daga (founder,500000.0,1
Rata Tata,0.0,0
Ratan Tata,70735000.0,3
Ratheesh Raveendran,0.0,0
Rattan Chadha,200000.0,1
Raveen Sastry (co-founder,500000.0,1
Ravi Adusumalli,12000000.0,1
Ravi Agarwal,0.0,0
Ravi Bhardwaj,385000.0,1
Ravi Garikipati,1250000.0,2
Ravi Garkipati,0.0,0
Ravi Gururaj,1000000.0,2
Ravi Iyer,0.0,0
Ravi Jain,0.0,0
Ravi Jaipuria & others,0.0,0
Ravi Krishnamurthy,530000.0,1
Ravi Linganuri,0.0,0
Ravi Machani,0.0,0
Ravi Nigam & Others,600000.0,1
Ravi Sampat,0.0,0
Ravi Saxena,191000.0,1
Ravi Trivedi,270000.0,1
Ravi Viswanathan,8200000.0,1
Ravikanth Reddy,50000000.0,1
Real Time Ventures,1000000.0,1
Real Time Ventures.,1000000.0,1
Rebright Partners,23375000.0,6
Recruit Holdings,5000000.0,1
Redbright Partners,1000000.0,1
Redcliffe Capital,0.0,0
Reema Kagati,1000000.0,1
Reliance Capital,900000.0,1
Reliance Capital Venture,1000000.0,1
Reliance Corporate Advisory Services Ltd,1000000.0,1
Reliance Entertainment,0.0,0
Renaud Laplanche,10000000.0,1
Renuka Ramanath,297000.0,1
ResponsAbility,5000000.0,1
Rhea Vazirani,0.0,0
Rianta Capital,500000.0,1
Ribbit Capital,46500000.0,2
Ribbit Capital and Omidyar Network,13400000.0,1
Richard S. Braddock,30000000.0,1
Riddhesh Gandhi & Others,500000.0,1
Riju Gupta,100000.0,1
Rimpal Chawla,200000.0,1
RippleWave,500000.0,1
Riqueza Capital,385000.0,1
Risabh Gupta,0.0,0
Rise India,0.0,0
Rishi Das,2000000.0,1
Rishi Gupta & Others,104000.0,1
Rishi Khiani,0.0,0
Rishi Mandawat,0.0,0
Rishi Parti,500000.0,1
Rishi Srivastava,0.0,0
Rishi Vasudev,730000.0,2
Rising Stars,0.0,0
Ritesh Dwivedy,2000000.0,1
Ritesh Malik,0.0,0
Ritesh Mehta,0.0,0
Ritesh Veera,300000.0,1
Ritesh Vohra,180000.0,1
Ritu Kapur,600000.0,1
Rivergate Capital,0.0,0
Riverwood Capital,80000000.0,1
Rob Chandra,500000.0,1
Robert Winters & others,500000.0,1
Robin Utthappa,0.0,0
Rocket Internet,102000000.0,2
Rocket Internet AG,11000000.0,1
Rocket Internet AG & others,110000000.0,1
Rocketship,12500000.0,2
Rockstart Accelerator,118000.0,1
Rohan Agila,0.0,0
Rohan Ajila,135000.0,1
Rohan Angrish,200000.0,1
Rohan Desai and Paras Patel,150000.0,1
Rohan Malhotra,200000.0,1
Rohit,375000.0,1
Rohit Bansal,15339000.0,8
Rohit Bhatia,0.0,0
Rohit Chanana,0.0,0
Rohit Chokhani,0.0,0
Rohit Choudhary,0.0,0
Rohit Goel,0.0,0
Rohit Jain,1500000.0,1
Rohit MA,1500000.0,1
Rohit Nanda,0.0,0
Rohit Narang,0.0,0
Rohit Sethi,0.0,0
Rohitash Gupta,0.0,0
Rohto Pharmaceutical,5000000.0,1
Romulus Capital,2000000.0,1
Romulus Capital and Kalaari Capital,22000000.0,1
Ronnie Screwvala,3500000.0,1
Roopa Nath,0.0,0
Roopak Saluja,450000.0,1
Roopak Taneja,0.0,0
Rosy Blue Securities,32000000.0,1
Rothenberg Ventures,0.0,0
RoundGlass Partners,4000000.0,3
RoundGlass Partners LLC,250000.0,1
Roy Kwan,448000.0,1
Ru-Net,16000000.0,1
Ru-Net Technology Partners,22500000.0,1
RuNet & Other,1930000.0,1
RuNet South Asia,6300000.0,1
RuNet and Sofina,80000000.0,1
Ruchi Narain,1000000.0,1
Ruchi Sanghvi & others,3200000.0,1
Ruchir Arora & others,0.0,0
Ruchirans Jaipuria,500000.0,1
Rudy Gopalakrishnan,600000.0,1
"Rudy Gopalakrishnan, ah! Ventures",200000.0,1
Rugmini Menon,0.0,0
Ruizheng Investment,2000000.0,1
Russell M Byrne,0.0,0
Russian venture capital fund Ru-Net,3750000.0,1
S Chand,1000000.0,1
S Chand & Co,0.0,0
S Chand Group,2000000.0,1
S Chand and Co Pvt Ltd,1200000.0,2
S Gopal,1040000.0,1
S S Mukherji & Others,350000.0,1
S Somasegar,1500000.0,1
S. Somasegar & Others,0.0,0
S. Xavier Britto,1500000.0,1
S.D. Shibulal,0.0,0
S.Gopalakrishnan,1000000.0,1
S7 Group,5000000.0,1
SAIF Partners,596550000.0,47
SAIF Partners & others,0.0,0
SAIF Partners and Kalaari capital,12000000.0,1
SAIF Partners and LGT Impact Ventures,21500000.0,1
SAIF Partners and others,30000000.0,1
SAIF Partners.,48000000.0,2
SAIF partners,10000000.0,1
SAP,0.0,0
SAP.iO,2000000.0,1
SAR Group,5478000.0,2
SB Ventures,0.0,0
SBI (Stand Up India Scheme),0.0,0
SBI-FMO Fund,18500000.0,1
SC GG India Mobility Holdings LLC,20000000.0,1
SCM Holdings,3000000.0,1
SD Group,0.0,0
SD Ventures,0.0,0
SEEK Ltd & affiliates,10000000.0,1
SEGNEL Ventures,0.0,0
SF Capital Group,8000000.0,1
SF Capital Investments LP,0.0,0
SIDBI,0.0,0
SIDBI Venture Capital,3000000.0,1
SIDBI Venture Capital Fund,1790000.0,1
SIDBI Venture Capital Limited,3000000.0,1
SIDBI Venture Capital Ltd,5400000.0,2
SIMI Pacific Pte,260000000.0,1
SP Vijay,0.0,0
SQue Capital,1800000.0,2
SRI Capital,19500000.0,8
SSCBS Innovation,0.0,0
SVG Media,0.0,0
SVP Fly Dubai & Others,0.0,0
Sa\\xc3\\xafd Business School Seed Fund.,40000.0,1
Saama Capital,109050000.0,10
Saama Capital and DSG Consumer Partners,4500000.0,1
Saama Capital and Sequoia Capital,3000000.0,1
Saama Capital.,6000000.0,1
Saavn,0.0,0
Sabre Partners,36000000.0,2
Sabre Partners and Neoplux,12000000.0,1
Sachin Arora,0.0,0
Sachin Bansal,62000000.0,3
Sachin Bansal & Binny Bansal,350000.0,1
Sachin Bhatia,1150000.0,2
Sachin Dalal,0.0,0
Sachin Khandelwal and others,375000.0,1
Sachin Tendulkar,6200000.0,1
Sachin and Binny Bansal,6550000.0,2
Sadashiva NT,0.0,0
Saha Fund,2350000.0,2
Saha fund Partners,2000000.0,1
Sahil Barua,200000.0,1
Saif Partners,3500000.0,1
Sailender Solanki,315000.0,1
Saina Nehwal,0.0,0
Saket Dhankar,250000.0,1
Saket Kumar,250000.0,1
Salesforce Ventures,23000000.0,1
Salil Donde,0.0,0
Samar Singla,200000.0,1
Sameer Gupta,110000.0,1
Sameer Koticha,1500000.0,1
Sameer Narayan & Others,250000.0,2
Samih Toukan and Hussam Khoury,1000000.0,1
Samir Bangara,100000.0,1
Samir Shah,0.0,0
Samridhi Fund,3000000.0,1
Samsung and China-based CITIC Capital and others,0.0,0
Sandeep Acharya & others,165000.0,1
Sandeep Aggarwal,0.0,0
Sandeep Dama & Others,0.0,0
Sandeep Gupta,250000.0,1
Sandeep Mathur,100400000.0,2
Sandeep Pangal,0.0,0
Sandeep Parwal,1000000.0,1
Sandeep Raju,191000.0,1
Sandeep Seerapu,330000.0,1
Sandeep Shroff,0.0,0
Sandeep Singh,0.0,0
Sandeep Tandon,13700000.0,7
Sandesh Kirkire,0.0,0
Sandiep Shrivatsava,500000.0,1
Sands Capital,70000000.0,1
Sands Capital and Accel Partners,7000000.0,1
Sands Capital and International Finance Corporation,150000000.0,1
Sandway Investment Ltd,0.0,0
Sangram Singh,350000.0,1
Sanjai Vohra,0.0,0
Sanjay Anandaram,400000.0,1
Sanjay Bakshi,0.0,0
Sanjay Bhasin,320000.0,1
Sanjay Mehta,2000000.0,1
Sanjay Mehta & Others,250000.0,1
Sanjay Mehta & Others ( The Ten Minute Million),106000.0,1
Sanjay Nath,0.0,0
Sanjay Nayar,15000000.0,1
Sanjay Notani & Others,0.0,0
Sanjay Phophaliya,0.0,0
Sanjay Sathe,275000.0,1
Sanjay Sethi,0.0,0
Sanjay Shenoy,0.0,0
Sanjay Singh,1500000.0,1
Sanjay Venkat,180000.0,1
Sanjay Verma,0.0,0
Sanjeev Kakkar,310000.0,1
Sanjeev Kapoor,2000000.0,1
Sanjeev Mehra,0.0,0
Sanjeev Singhal,0.0,0
Sanjeev Sinha,295000.0,1
Sanjiv Mittal,150000.0,1
Sanjiv Rai,0.0,0
Sanjiv Rangrass,70000000.0,1
Sarath Sura,1595000.0,2
Sarbvir Singh,3000000.0,1
Sargod Ventures,0.0,0
Sarthak and Nihit Agarwal,595000.0,1
Sarva Capital,4700000.0,1
Sarvesh Shahra & Others,2000000.0,1
Sarvesh Sharma,0.0,0
Sashi Reddi,1600000.0,2
Sashi Reddi & Other unnamed investors,1500000.0,1
Sashi Reddy,0.0,0
Sashwat Brahma,0.0,0
Sateesh Andara & others,1750000.0,1
Sathguru Catalyzer Advisors,6000000.0,1
Satish Jamdar,0.0,0
Satish Kaul,0.0,0
Satish Khanna and Taparia family office.,2000000.0,1
Satish Reddy,2500000.0,1
Satish Vasudeva,0.0,0
Satoshi Studios,50000.0,1
Sattva Capital,3000000.0,1
Satveer Thakral,0.0,0
Satya D Sinha,0.0,0
Satya Muthyala,250000.0,1
Satyajit Heeralal,100000.0,1
Satyen Kothari,500000.0,1
Sauce.vc,486000.0,1
Saumya Tandon,0.0,0
Saurab Paruthi,100000.0,1
Saurabh Abichandani,0.0,0
Saurabh Arora,150000.0,1
Saurabh Jain,0.0,0
Saurabh Srivastava,0.0,0
"Saurabh Srivastava, and Ajai Chowdhry",0.0,0
Scadea Solutions Inc,0.0,0
Scale Minds,0.0,0
Scale Ventures,0.0,0
Scale Ventures Funds,0.0,0
Scott Banister,1300000.0,1
Sean O\\xe2\\x80\\x99Sullivan & Others,190000.0,1
SeedPlus,4875000.0,2
Seedfund,18200000.0,4
Seedrs Crowd funding platform,125000.0,1
Segnel Venture,5000000.0,1
Senovo,0.0,0
Sequoia,170000000.0,2
Sequoia Capital,1656630000.0,68
Sequoia Capital & Matrix Partners,100000000.0,1
Sequoia Capital Global Equities,90000000.0,1
Sequoia Capital India,573338860.0,15
Sequoia Capital India Advisors,262200000.0,2
Sequoia Capital India and Omidyar Network,40000000.0,1
Sequoia Capital and Temasek Holdings,226000000.0,1
Sequoia Capital.,15000000.0,1
Sequoia India,504900000.0,21
Sequoia and Jerry Yang,250000.0,1
Sequoia and Kalaari Capital.,10000000.0,1
Shaan,0.0,0
Shailesh Haribhakti,0.0,0
Shailesh Mehta,10000000.0,1
Shailesh Rao,13000000.0,2
Shailesh Singh,500000.0,1
Shailesh Viswanathan,785000.0,1
Shamik Sharma,2500000.0,1
Shankar Mahadevan,650000.0,1
Shantanu Mathur,0.0,0
Shanti Mohan,595000.0,1
Shapoorji Pallonji & Co. Ltd.,700000.0,1
Sharad Hegde,1000000.0,1
Sharad Sharma,0.0,0
Sharad Sharma & 14 others,500000.0,1
Shardul Amarchand Mangaldas,2000000.0,1
Shashank Bhagat,0.0,0
Shashank Mehrotra & Others,100000.0,1
Shekhar Sahu,150000.0,1
Shell Foundation,2739034.68,1
Sherpa Capital,13500000.0,1
Sherpalo Ventures,2000000.0,1
Shikhar Gupta,0.0,0
Shilpa Shetty Kundra,0.0,0
Shinhan Bank and TS Investment,23000000.0,1
Shinji Kimura,5000000.0,1
Shireesh Palle,850000.0,1
Shiva Ashok & Other unnamed investors,100000.0,1
Shiva Gunapu & Others,0.0,0
Shivanandan Pare,0.0,0
Shivani Singh,1000000.0,1
Shobhit Shukla,150000.0,1
Shomil Pant,205000.0,1
Shopclues,0.0,0
Shorooq Investments,1100000.0,1
Shrem Strategies,0.0,0
Shreyans Shah,1000000.0,1
Shrikant Patil,1000000.0,1
Shrikanth & Bharath,640000.0,1
Shripad Nadkarni,2000000.0,1
Shrishti Sahu,0.0,0
Shruth & Smith Group,180000.0,1
Shubham Gupta,448000.0,1
Shuchin Bajaj,300000.0,1
Shun Yoshida & Others,1000000.0,1
Shunwei Capital,96450000.0,8
Shyam Sundar R & others,1000000.0,1
Siddharth Agarwal,175000.0,1
Siddharth Banerjee,0.0,0
Siddharth Kothari,0.0,0
Siddharth Nautiyal,0.0,0
Siddharth Pai,0.0,0
Siddharth Parekh,0.0,0
Siddharth Patil,1000000.0,1
Siddhartha Gupta,2000000.0,1
Siddhivinayak Skyscrapers,4000000.0,1
Sidharth Pansari,550000.0,1
Sidharth Rao,200000.0,1
Sidharth Rozario,0.0,0
Sidhartha Hazarika & Others,150000.0,1
Sierra Ventures,2950000.0,1
Signal Point Partners,0.0,0
Silicon Valley Bank,63000000.0,2
Silicon Valley Ventures,10000000.0,1
Silo Holdings and Al Nour,0.0,0
Silver Range Investments,1000000.0,1
Simile Ventures,2000000.0,1
SingTel\\xe2\\x80\\x99s Innov8,5000000.0,1
Singapore,1000000.0,1
Singapore Angel Network,4290000.0,7
Singapore Angel Network & Aseem Vadehra,150000.0,1
Singapore Angel Network.,100000.0,1
Singapore Angels Network,0.0,0
Singapore Angels Network & others,0.0,0
Singapore based investor,0.0,0
Singtel,25000000.0,1
Singularity Holdings,776000.0,1
Singularity Ventures,3400000.0,2
Singularity Ventures and Ravi Dhariwal,4000000.0,1
Sirion Labs,0.0,0
Sistema Asia Fund,90000000.0,7
Sistema JSFC and Tanncam Investment,35000000.0,1
Sixth Sense,13000000.0,1
Sixth Sense Ventures,12400000.0,3
Skycatcher Fund,329230.0,1
Small Industries Development Bank of India (SIDBI),0.0,0
Smarak Bhuyan,0.0,0
Smile Group,310000.0,1
Smile Multimedia,400000.0,1
Snapdeal,20000000.0,1
Snehal Mantri,250000.0,1
Snow Leopard,5000000.0,1
Snow Leopard Technology Ventures,1600000.0,1
Snow Leopard Ventures,5000000.0,1
Social Alpha,0.0,0
Social Alpha and other unnamed angel investors,0.0,0
Social Capital,16000000.0,1
Social+Capital,25000000.0,1
Sofina,245000000.0,4
Sofina s.a.,30000000.0,1
SoftBank,62000000.0,1
SoftBank Corp,15000000.0,1
SoftBank Group,2487000000.0,6
SoftBank Group Corp,330000000.0,1
SoftBank Ventures Korea,0.0,0
SoftBank Vision Fund,781000000.0,3
SoftBank Vision Fund & Info Edge (India) Ltd,200000000.0,1
Softbank,3545000000.0,6
Softbank Group,115000000.0,2
Softbank Ventures Korea,15000000.0,1
Softbank Vision Fund,70000000.0,1
Softbank\\xe2\\x80\\x99s DeepCore.,29500000.0,1
Sohail Hashemi,0.0,0
Soham Vencaps,1200000.0,1
Sol Primero,1500000.0,5
Solidarity Venture Capital & others,100000.0,1
Soma Capital,1500000.0,1
Somerset Indus Capital Ventures,750000.0,1
Songhyun Investment,3600000.0,1
Soniks Consulting,0.0,0
Sonu Bhasin,0.0,0
Sophia Investment ApS,2000000.0,1
Soumitra Sharma,0.0,0
Sourav Ganguly,464000.0,1
Space Matrix,3500000.0,1
Sparknext,250000.0,1
Speciale Invest & Others,1100000.0,1
Speridian Technologies,0.0,0
Spiral Ventures,850000.0,2
Splice Advisors,0.0,0
Spring Canter Investment Ltd.,20000000.0,1
Springboard Ventures,0.0,0
Sprout Angels,306000.0,1
Sprout Angels LLP,0.0,0
Sprout Capital,0.0,0
Sprout Venture Partners,1800000.0,1
Sprout Venture Partners and others,0.0,0
Sreenivasa Reddy Musani,448000.0,1
Sreepathy Viswanathan,1000000.0,1
Sreeram Iyer,0.0,0
Sreevathsa Prabhakar,0.0,0
Srinath Batni,0.0,0
Srini Koppolu & SIDBI,2500000.0,1
Srini Raju,2500000.0,1
Srinivas Aluri,1000000.0,1
Srinivas Modukury,1000000.0,1
Srinivas Tirupati,500000.0,1
Srinivasa Rao Paturi,315000.0,1
Stanford Angels,2500000.0,3
Stanford Angels & Entrepreneurs,0.0,0
Star India Pvt Ltd,10000000.0,1
Star India Pvt. Ltd,10000000.0,1
StartUp Equity Partners,0.0,0
Startup Brasil program,290000.0,1
Startup Buddy,550000.0,2
Startup Oasis,0.0,0
StartupXseed Ventures,0.0,0
Startupxseed Ventures LLP,4000000.0,1
State Street Global Advisors,38400000.0,1
Steadview Capital,715200000.0,5
Steadview Capital and Vy Capital.,50000000.0,1
Steadview Capital and existing investors,700000000.0,1
Steelhead Ventures & Others,1070000.0,1
Stelcore Management Services,155000.0,1
Stellaris Venture Partners,295090000.0,6
Stellaris Venture Partners and Kalaari Capital,3400000.0,1
Stellaris Venture Partners and Mayur Abhaya Srisrimal,4200000.0,1
Stellaris Ventures & Others,4000000.0,1
Steven Lurie,2000000.0,1
Stevens Creek Ventures,1000000.0,1
Stripes Group,82000000.0,1
Subba Rao Telidevara,1200000.0,1
Subhash Goyal,470000.0,1
Subhkam Ventures and Mohit Khadaria,307600.0,1
Subho Ray and Samir Kumar,300000.0,1
Subodh Gupta,0.0,0
Subramani Somasundaram,200000.0,1
Subramanian Ramadorai,600000.0,1
Subramanya SV,0.0,0
Subramanya Venkat,0.0,0
Subrata Mitra,1150000.0,1
SucSEED Venture Partners,768000.0,1
"Sudhakar Pennam, and other tech investors from Silicon Valley",0.0,0
Sudhakar Reddy,315000.0,1
Sudhir Anandarao,500000.0,1
Sudhir Mallem,100000.0,1
Sudhir Mehta,100000.0,1
Sudhir Rao & Others,700000.0,1
Suhail Rahman,540000.0,1
Sujal Shah,0.0,0
Sujeet Kumar,700000.0,2
Sumit Dayal and others,0.0,0
Sumit Gandhi,100000.0,1
Sumit Jain,820000.0,2
Summit Media,3100000.0,1
Sumpoorna Group,0.0,0
Suncoast Investments,537000.0,1
Sundar Chanrai,5000000.0,1
Sundara Rajan,200000.0,1
Sundaram Finance Holdings,0.0,0
Sundeep Sahni,200000.0,1
Sundeep Singh Sahni,620000.0,1
Sunergy Investors,0.0,0
Sunil Edwards,0.0,0
Sunil Goyal Ashish Gupta,1500000.0,1
Sunil Kalra,0.0,0
Sunil Kant Munjal,25000000.0,1
"Sunil Koul, and Sanjeev Agrawal",0.0,0
Sunil Maheshwari & group of investors,0.0,0
Sunil Mehta,1000000.0,1
Sunil Munjal,48400000.0,4
Sunil Nikhar,0.0,0
Sunil Singh & Others,375000.0,1
Sunil T V,305000.0,1
Sunjay Kapoor and Telama Investment,14270000.0,1
Sunjay Kapur,0.0,0
Sunrise Capital GmBH,11000000.0,1
Sunstone Capital,0.0,0
Supera Pte Ltd,2443495.0,1
Suraj Saharan,0.0,0
Suramya Gupta,595000.0,1
Suresh Senapaty,0.0,0
Suresh Shankar,500000.0,1
Suresh Vaswani,0.0,0
Suresh Venkat,400000.0,1
Surojit Chatterjee,0.0,0
Surot Chatterjee,1000000.0,1
Susa Ventures,3000000.0,1
Sushil Kumar,0.0,0
Sushill Jiwarajka,0.0,0
Susquehanna Growth Equity,8048394.0,1
Susquehanna Growth Equity LLC,50000000.0,1
Susquehanna International Group.\\xc2\\xa0 Wavemaker Partners,8000000.0,1
Sutter Hill Ventures,135000000.0,1
Suvo Sarkar,0.0,0
Suyash Sharma,77000.0,1
Sven Hensen,400000.0,1
Swan Angel Network,525000.0,2
Swapan Rajdev,0.0,0
Swarnim Multiventures,800000.0,1
Swastika,250000.0,1
Swastika Co Ltd.,1000000.0,1
Swastika Company Ltd,630000.0,3
Swastika Company Ltd.,40000.0,1
Swastika Company Pvt Ltd,0.0,0
Swastika Investmart Ltd,297000.0,1
Swati Gupta,1500000.0,1
Syngenta AG,3000000.0,1
Syska LED group,2500000.0,1
T V Mohandas Pai,410000.0,2
T.V. Mohandas Pai,0.0,0
TA Associates,125000000.0,2
TCI Ventures,13000000.0,1
TCS,2000000.0,1
TIW Private Equity,6000000.0,1
TLabs,0.0,0
TM Service Technology Holdings GmbH,0.0,0
TM Service Technology Holdings Gmbh,0.0,0
TNN Capital & IIG,0.0,0
TNN Capital and others,500000.0,1
TO THE NEW Ventures,10000000.0,1
TPG,100000000.0,1
TPG Growth,162150000.0,3
TR Capital,52150000.0,2
TV Mohandas Pai,6676000.0,8
TV Mohandas Pai\\xe2\\x80\\x99s family office,0.0,0
TVS Automobile Solutions Ltd,0.0,0
TVS Group,500000.0,1
TVS Motor Company,234000.0,1
Tamarind Family Private Trust,500000.0,1
Tandem Capital,770000.0,1
Tania Johny Palathinkal,100000.0,1
TannCam Investment & Sistema Asia Fund,14000000.0,1
Tano Capital,10000000.0,1
Tara India Fund IV and others,8000000.0,1
Taranjit Jaswal,1000000.0,1
Tarun Adlakha,0.0,0
Tarun Arora,150000.0,1
Tarun Joshi,2000000.0,1
Tarun Khandelwal,3100000.0,1
Tashwinder Singh,1000000.0,1
Tata Capital Innovation Fund,5000000.0,1
Tata Group\\xe2\\x80\\x99s watch and jewellery retailing firm,5000000.0,1
Tata Sons,0.0,0
Taurus Value Creation,7200000.0,1
Taxmann,324000.0,1
Teachers Insurance and Annuity Association (TIAA),31000000.0,1
Team Builder Ventures,0.0,0
Techstars,290000.0,1
Techstars Ventures & Others,5000000.0,1
Tekne Capital Management,36000000.0,1
Tekne Capital Management LLC,50000000.0,1
Tekton Ventures,5150000.0,1
Telephone Corporation,0.0,0
Temasek,120000000.0,2
Temasek Holdings,200000000.0,2
Tenaya Capital,80000000.0,1
Tencent,265000000.0,3
Tencent Holdings,1610000000.0,3
Tencent Holdings Ltd,115000000.0,1
Tennenbaum Capital Partners & Others,100000000.0,1
"TermSheet, ah! Ventures",185000.0,1
Teru Sato,0.0,0
Teruhide Sato,500000.0,1
The 1947,300000.0,1
The Chennai Angels,6014000.0,9
The Grover Trust,4500000.0,1
The HR Fund,2300000.0,2
The Oliver R. Grace,0.0,0
The Phoenix Fund,0.0,0
The Phoenix Fund and others,0.0,0
The Rise Fund & Others,100000000.0,1
The Saha Fund,0.0,0
The Syndicate Fund,400000.0,1
The Ten Minute Million,108500.0,3
ThinQbate,0.0,0
ThirtyThree Investments,0.0,0
Thomas Assessments and others,0.0,0
Thrive Capital,55000000.0,1
Tiger Global,2045400000.0,27
Tiger Global & Other investors,100000000.0,1
Tiger Global And Others,10000000.0,1
Tiger Global Management,791400000.0,21
Tiger Global and Apoletto Managers.,62000000.0,1
Tim Chen,180000.0,1
Timbru Ventures,0.0,0
Times Group,0.0,0
Times Group Brand Capital,0.0,0
Times Internet,251000000.0,8
Times Internet Ltd,54500000.0,2
Times Internet Ltd & One more Fund,20000000.0,1
Times of India Group & Existing investors,13500000.0,1
Titan Co Ltd,5000000.0,1
Tolaram Inc,1500000.0,1
Tom Clausen,135000.0,1
Tom Varkey,0.0,0
Toos N Daruvala,2250000.0,1
Toppan Printing,15800000.0,1
Torrent Group,37000000.0,1
Touchstone Equities,1500000.0,1
Tracxn,0.0,0
Tracxn Labs,4200000.0,4
Tracxn Labs & Others,600000.0,1
Tracxn Syndicate,0.0,0
TracxnLabs,0.0,0
TransGlobal FZC,3000000.0,1
Transamerica,15000000.0,1
Transamerica and others.,22000000.0,1
Transmedia Capital,2700000.0,1
Traxcn Labs,0.0,0
Traxcn Labs & Others,1300000.0,1
Tree Line Asia,31600000.0,2
Treebo,0.0,0
Tribe Impact Capital LLP,0.0,0
Trifecta Capital,61835089.0,11
Trifecta Capital Advisors,26000000.0,1
Trifecta Capital Advisors LLP,3200000.0,1
Trinity Ventures,16000000.0,1
Triodos,2739034.68,1
Triodos Investment Management,6900000.0,1
Triton Investment Advisors,26000000.0,1
True North,77000000.0,1
Trust Capital,32000000.0,1
Turning Ideas,50000.0,1
Tuscan Ventures,6250000.0,1
Tushar Mittal,150000.0,1
Tushar Singh,2000000.0,1
Tybourne Capital,130000000.0,2
UC-RNT,3000000.0,1
UC-RNT Fund,31000000.0,1
UK based Group of Angel Investors,140000.0,1
Uber Technologies Inc,0.0,0
Udaan Angels,1000000.0,2
Uday Kotak,1350000.0,1
Uday Punj,0.0,0
Uday Shankar,0.0,0
Udayan Goyal,3000000.0,1
Umang Kumar,445000.0,1
Umang Kumar & Others,0.0,0
Umang Moondra,0.0,0
Umasankar Nistala,0.0,0
Umesh Yadav,0.0,0
Un disclosed investors,1000000.0,1
Undisclosed Angel investors & HNIs,0.0,0
Undisclosed Dubai based HNIs,0.0,0
Undisclosed Ex Mckinsey Directors and Partners,550000.0,1
Undisclosed Existing Investors As Well As The Tamarind Family Trust,4500000.0,1
Undisclosed HNI investors,1000000.0,1
Undisclosed HNI\\xe2\\x80\\x99s,734000.0,1
Undisclosed HNIs,3645000.0,5
Undisclosed Investors & Tamarind Family Private Trust,2200000.0,1
Undisclosed Japanese investor,8000000.0,1
Undisclosed US Based Investors,4000000.0,1
Undisclosed angel investors,0.0,0
Undisclosed multiple investors,147000.0,1
Undisclosed private investors,100000.0,1
Unicorn India Ventures,1735000.0,4
Unicorn India Ventures & Others,0.0,0
Unicorn India Ventures and ISME ACE.,2000000.0,1
Unicorn Venture,225000.0,1
Unicorn Ventures,250000.0,1
Unifi AIF,0.0,0
Unigrowth Inc,0.0,0
Unilazer,1200000.0,1
Unilazer Fund,1400000.0,1
Unilazer Ventures,18600000.0,5
Unilever,430665.0,1
Unilever Ventures,3000000.0,1
Unilever Ventures and Blume Ventures,7000000.0,1
Uniliver Ventures,10000000.0,1
Uniqorn Ventures,350000.0,1
Uniqorn Ventures Fund,1500000.0,1
Uniqorn Ventures and other,70000000.0,1
Uniqorn ventures,700000.0,1
Unitus Impact Livelihoods Fund,5000000.0,1
Unitus Seed Fund,16320000.0,8
Unitus Seed Fund\\nNarayan Ramachandran,500000.0,1
Unitus Ventures,1000000.0,1
Unknown High Net-Worth Individuals,450000.0,1
Unnamed Media house and HNIs,6000000.0,1
Unnamed angel investors,200000.0,1
Unnamed investor,77000.0,1
Unternehmertum Venture Capital,0.0,0
Upaya Social Ventures,0.0,0
Urrshila Kerkar,7700000.0,1
Utsav Somani,370000.0,1
V Aanand R,300000.0,1
V Balakrishnan,776000.0,3
V Balakrishnan.,0.0,0
V. Balakrishnan,0.0,0
V. Bunty Bohra,0.0,0
V. Krishna Prasad,0.0,0
VA Sastry,625000.0,1
VAMM Ventures,750000.0,1
VC Karthic,0.0,0
VC Samsung NEXT,6000000.0,1
VC firms India Quotient and Kae Capital,6250000.0,1
VH Capital,24800000.0,2
Vaibhav Domkundwar,0.0,0
Vaibhav Doshi,300000.0,1
Vaibhav Jain,0.0,0
Vaibhav Vohra,0.0,0
Valiant Capital,117500000.0,4
Valiant Capital Partners,26000000.0,1
Vallabh Bhanshali,2300000.0,1
Valpro Capital and existing investors,0.0,0
Value Fund Advisors,50000000.0,1
Vandana Luthra,0.0,0
Vani Kola,0.0,0
Varsha Rao,0.0,0
Varun Agarwal & Others,0.0,0
Varun Aggarwal,400000.0,1
Varun Ahuja,150000.0,1
Varun Khanna,0.0,0
Varun Khurana,200000.0,1
Vectr Ventures,0.0,0
Vedanta Capital,2250000.0,1
Vegas Tech Fund,2950000.0,1
Vellayan Subbiah,0.0,0
Venk,0.0,0
Venk Krishna,1150000.0,1
Venk Krishnan,840000.0,2
Venkat Subramanian,0.0,0
Venkat Tadanki,0.0,0
Venkat Vallabhaneni,5000000.0,1
Venkat Vallabhneni,315000.0,1
Venkat Vardhan,1500000.0,1
Venkatesh Valluri,0.0,0
Venky Harinarayan,1200000.0,1
Venky Krishnakumar,500000.0,1
VenturEast,0.0,0
Venture Catalyst,0.0,0
Venture Catalysts,5364000.0,10
Venture Highway,22600000.0,4
Venture Highway and BEENEXT,14000000.0,1
Venture Nursery,750000.0,1
Venture Nursery Angels Mumbai Angels,500000.0,1
Venture Works,3450000.0,2
VentureEast,17000000.0,2
VentureNursery,0.0,0
Ventureast,56650000.0,7
Ventureast Fund Advisors,0.0,0
Ventureast and Exfinity,2500000.0,1
"Ventureast, and Endiya Partners.\\n\\n",30000000.0,1
Venturesity,0.0,0
Ventureworks India,1000000.0,1
Venturra Capital,8000000.0,1
Venugopal Dhoot,3100000.0,1
Verlinvest,0.0,0
Verlinvest SA,10000000.0,1
Version One Ventures,1800000.0,1
Vertex Growth Fund,30000000.0,1
Vertex Ventures,98250000.0,11
Vertex Ventures Southeast Asia (SEA) and India and Sistema Asia Fund,30000000.0,1
Vibhu Garg,1500000.0,2
Vida Ventures,500000.0,2
Vidal Healthcare,1900000.0,1
Vidyadhar Sarfare,0.0,0
Vijai Laxmi,0.0,0
Vijay Anand,0.0,0
Vijay Ghadge,305000.0,1
Vijay Kedia,0.0,0
Vijay Krishna Yadav,0.0,0
Vijay Shekhar Sharma,1005400000.0,7
Vijay Shekhar Sharma & Others,400000.0,1
Vikas Agarwal,310000.0,1
Vikas Bajaj,0.0,0
Vikas Chadha & Others,0.0,0
Vikas Kapoor,0.0,0
Vikas Ranjan,0.0,0
Vikas Saxena,3000000.0,1
Vikas Taneja & others,1000000.0,1
Vikram Chachra,1470000.0,4
Vikram Kotak,440000.0,1
Vikram Lakhotia,200000.0,1
Vikram Limaye,0.0,0
Vikram Mehta,175000.0,1
Vikram Sud,15000000.0,1
Vikram Tandon,1000000.0,1
Vikrant Varshney,350000.0,1
Viktor Koenig PE Fund,1000000.0,1
Village Capital,100000.0,2
Villgro,0.0,0
Vinay Bansal,200000.0,1
Vinay Goel,0.0,0
Vinay Mittal,250000.0,1
Vindi Banga,0.0,0
Vineel Nalla & Others,150000.0,1
Vineet Nalla,0.0,0
Vineet Singh,0.0,0
Vineet Taneja,0.0,0
Vineet Varma,300000.0,1
Vinners,250000.0,1
Vinod Bansal,0.0,0
Vinod Jain & Others,0.0,0
Vinod Khatumal,3000000.0,1
Vinod Martin,275000.0,3
Vinod Singhal,0.0,0
Vipin Agarwal and others.,1000000.0,1
Vipin Arora,210000.0,1
Vipul Gautam,100000.0,1
Vipul Parekh,2700000.0,1
"Vipul Parekh, ajesh K Murthy",2500000.0,1
Vir Sanghvi,0.0,0
Viraj Tyagi & Others,200000.0,1
Viraj Tyagi & others,200000.0,1
Virendra Patel,450000.0,1
Virendra Shahney,250000.0,1
Virendra Shekhawat,0.0,0
Viridian Capital,30000.0,1
Vishal Bali,0.0,0
Vishal Bali & Others,0.0,0
Vishal Gondal,2750000.0,2
Vishal Jain,0.0,0
Vishal Khare,1110000.0,3
Vishal Malik,0.0,0
Vishnu Bhat,0.0,0
Vishwadeep Bajaj,0.0,0
Vishwadeep Bajaj & Others,0.0,0
Vishwanathan,0.0,0
Vishwas Patel,0.0,0
Vispi Daver,3690000.0,1
Vissal Mathew,1500000.0,1
Vistaar Investment Advisors Pvt. Ltd.,0.0,0
Viswanath Ramachandran,500000.0,1
Vivek Bhargava,797000.0,3
Vivek Joshi,0.0,0
Vivek Khare and Bijoy George,450000.0,1
Vivek Nathani,0.0,0
Vivek Shah,0.0,0
Vividhity Ventures,0.0,0
Vona Investments,150000.0,1
Vriddhi Fund,1000000.0,1
Vy Capital,92600000.0,4
Vy Capital and others,1400000.0,1
WEH Ventures and Sprout Ventures,1250000.0,1
WGG International,3200000.0,1
WRV Capital,17000000.0,1
WRV Capital and IndusAge Partners,10000000.0,1
Waheed Alli,5400000.0,1
Warburg Pincus,432000000.0,5
Ward Ferry Management and Karst Peak Capital,34000000.0,1
Wargburg Pincus,20000000.0,1
WaterBridge Ventures,6150000.0,3
Waterbridge Ventures,7000000.0,1
Waterbridge Ventures and ThinKuvate,1000000.0,1
Wealth First,500000.0,1
Wellington,150000000.0,1
Wellington Management,77000000.0,1
WestBridge Capital,92000000.0,2
Westbridge Capital,3900000000.0,1
Westbridge Capital Partners,15600000.0,1
White Unicorn Ventures,0.0,0
Whiteboard Capital,3000000.0,1
William Bissel,0.0,0
William Bissell,2250000.0,1
William Campbell,2250000.0,1
Wingify,0.0,0
Wipro,5000000.0,1
Wipro Consumer Care,0.0,0
Wipro Ventures,4000000.0,1
Wonder Ventures,5000000.0,1
Wu Chay Chin,3000000.0,1
XL Innovate,37000000.0,1
Xchange Investors NV,3000000.0,1
Xelpmoc,0.0,0
Xiaomi,13400000.0,1
Xiaomi Inc,25000000.0,1
Xiaomi Singapore,18200000.0,1
Xiaomi Technologies,8000000.0,1
Xiaomi and Sequoia Capital India,7000000.0,1
Xue Manzi and Yiyun Zhang.,0.0,0
Y Combinator,22000000.0,7
Y Combinator and Venture Highway,11500000.0,1
Y Combinator and others.,15000000.0,1
YCombinator,3100000.0,1
YMS Mobitech,0.0,0
Yajnanarayana Kammaje,160000.0,1
Yang Shu,963000.0,1
Yash Dongre,0.0,0
Yashish Dhaiya,200000.0,1
Yatin Kumar Jain,1000000.0,1
Yeahmobi,2000000.0,1
Yes Bank,7800000.0,1
Yogesh Agarwal,0.0,0
Yogesh Andlay,0.0,0
Yogesh Bansal,200000.0,1
Yogesh Chaudhary,0.0,0
Yogesh Misra,0.0,0
Yogesh Patel & Others,0.0,0
You & Mr Jones,6000000.0,1
YouWeCan Ventures,1630000.0,2
YourNest Angel Fund,11600000.0,8
"YourNest Angel Fund, iSON",1000000.0,1
YourNest Angel Fund\\xc2\\xa0 & Others,1000000.0,1
YourNest Fund II,0.0,0
YourNest Venture Capital And Other Angel Investors,1300000.0,1
YourWeCan Ventures,0.0,0
Yuri Milner,115000000.0,2
Yuvraj Singh,0.0,0
Z Nation Lab,692000.0,1
Zaffiro Ventures,750000.0,2
Zaheer Memon,0.0,0
Zain Raj,0.0,0
Zeeshan Hayat,0.0,0
Zephyr Peacock,7000000.0,1
Zephyr Peacock India,3000000.0,1
Zeroth and Artesian Venture Partners,400000.0,1
Zeta,0.0,0
Zia Mody,1000000.0,1
ZigExN,3000000.0,1
Zishaan Hayath,3760000.0,5
Zishaan Hayath and Others,300000.0,1
Zishan Hayath,0.0,0
Zodius Capital,196250000.0,7
Zodius Technology Fund,208300000.0,5
Zodius Technology Opportunities Fund,13100000.0,2
Zomato Media Pvt. Ltd,0.0,0
Zop Smart,3000000.0,1
Zoya Akhtar,1000000.0,1
\\nNitin Singhal & Others,200000.0,1
\\xc2\\xa0 & other Angel investors.,0.0,0
\\xc2\\xa0 91SpringBoard,400000.0,1
\\xc2\\xa0 Aarin Capital,0.0,0
\\xc2\\xa0 Abhishek Jain,1700000.0,1
\\xc2\\xa0 Accel Partners,10000000.0,1
\\xc2\\xa0 Accel Partners India,2000000.0,1
\\xc2\\xa0 Amit Ranjan,0.0,0
\\xc2\\xa0 Aprameya Radhakrishna,0.0,0
\\xc2\\xa0 Arjun Malhotra,0.0,0
\\xc2\\xa0 Arpan Nagdeve,0.0,0
\\xc2\\xa0 Badal Malick,0.0,0
\\xc2\\xa0 Balamurali Krishna,1500000.0,1
\\xc2\\xa0 Capital Advisers,104500000.0,1
\\xc2\\xa0 Chandrakant Gogri,2000000.0,1
\\xc2\\xa0 Eight Roads Ventures,25000000.0,1
\\xc2\\xa0 Falcon Edge,25000000.0,1
\\xc2\\xa0 Ganapathy Venugopal.,0.0,0
\\xc2\\xa0 Ganayantrika Systems,750000.0,1
\\xc2\\xa0 Helion Ventures,10000000.0,1
\\xc2\\xa0 Inventus Capital,5000000.0,1
\\xc2\\xa0 Kaleden Holdings,0.0,0
\\xc2\\xa0 Kunal Shah,1000000.0,1
\\xc2\\xa0 Lightbox Ventures,30000000.0,1
\\xc2\\xa0 Lightspeed India,100000000.0,1
\\xc2\\xa0 Lok Capital,40000000.0,1
\\xc2\\xa0 Lumis Partners,4000000.0,1
\\xc2\\xa0 Manish Singhal,0.0,0
\\xc2\\xa0 Mayfield,20000000.0,1
\\xc2\\xa0 Mohandas Pai,2000000.0,1
\\xc2\\xa0 Mohit Saxena,500000.0,1
\\xc2\\xa0 Nirvana Ventures Advisors,20000000.0,1
\\xc2\\xa0 Phanindra Sama,1400000.0,1
\\xc2\\xa0 Puneet Dalmia,1450000.0,1
\\xc2\\xa0 Qualcomm Ventures,16000000.0,1
\\xc2\\xa0 Rahul Chawla,0.0,0
\\xc2\\xa0 Rajan Anandan,0.0,0
\\xc2\\xa0 Ralph Berezan,1500000.0,1
\\xc2\\xa0 Ramkumar Nishtal,440000.0,1
\\xc2\\xa0 Ravi Saxena & Others,2000000.0,1
\\xc2\\xa0 Ruchi Sanghvi & Others,0.0,0
\\xc2\\xa0 SAIF Partners,10000000.0,1
\\xc2\\xa0 Sandeep Aggarwal,0.0,0
\\xc2\\xa0 Sandeep Tandon,1000000.0,1
\\xc2\\xa0 Smart Start Fund,1000000.0,1
\\xc2\\xa0 Start Media.,2800000.0,1
\\xc2\\xa0 Tiger Global Management & others,50000000.0,1
\\xc2\\xa0 Times Internet,0.0,0
\\xc2\\xa0 Tracxn Labs,500000.0,1
\\xc2\\xa0 UC-RNT fund,25000000.0,1
\\xc2\\xa0 Varaprasad Reddy,5000000.0,1
\\xc2\\xa0 Vikas Malpani,0.0,0
\\xc2\\xa0 Vikram Lal,0.0,0
\\xc2\\xa0 Viswanath Ramachandran,350000.0,1
\\xc2\\xa0 Vivek Bhargava,200000.0,1
\\xc2\\xa0 ru-Net,55000000.0,1
\\xc2\\xa0Forum Synergies PE Fund,0.0,0
\\xc2\\xa0Goldman Sachs,0.0,0
\\xc2\\xa0Indian Angel Network,0.0,0
\\xc2\\xa0IndianIdeas.com,0.0,0
\\xc2\\xa0IvyCap Ventures,0.0,0
\\xc2\\xa0LetsVenture,0.0,0
\\xc2\\xa0Palaash Ventures,0.0,0
\\xc2\\xa0Rajeev Saraf,0.0,0
\\xc2\\xa0Tiger Global,0.0,0
"\\xc3\\x98rstead, and Tenaska",32000000.0,1
ah! Ventures,4400000.0,6
ain Capital Ventures,10000000.0,1
growX ventures,0.0,0
havya Sharma,450000.0,1
hooting Starts Sports LLP,1000000.0,1
i2india Pvt Ltd,500000.0,1
i2india Ventures,500000.0,1
iBhubs,215000.0,1
iSquare Global,0.0,0
"idal Health, growx ventures",750000.0,1
lockchain ecosystem Global Advisors,0.0,0
mall Industries Development Bank of India (SIDBI),310000.0,1
pi Ventures,1200000.0,1
responsAbility,23500000.0,1
responsAbility Investments,0.0,0
ru-Net,30000000.0,1
undisclosed private investors,500000.0,1
vCommission,289000.0,3
