startup,industry
BYJU’S,Edtech
Shuttl,Logistics & Transport
Mamaearth,E-Commerce
https://www.wealthbucket.in/,Fintech
Fashor,Fashion & Lifestyle
Pando,Logistics & Transport
Zomato,Healthtech
Ecozen,Consumer Internet & Tech
CarDekho,E-Commerce
Dhruva Space,Fashion & Lifestyle
Rivigo,Consumer Internet & Tech
Healthians,Food & Beverage
Licious,E-Commerce
InCred,Fintech
Trell,Media & Entertainment
Rein Games,Media & Entertainment
Lenskart.com,E-Commerce
Freshworks,SaaS & Enterprise Tech
Misters,Healthtech
Sunstone Eduversity Pvt. Ltd,Edtech
Burger Singh,Food & Beverage
Healthians,Healthtech
Ninjacart,Media & Entertainment
Aye Finance,Fintech
SuperGaming,Media & Entertainment
Clumio,SaaS & Enterprise Tech
eBikeGo,Logistics & Transport
Digital Mall Asia,E-Commerce
Medikabazaar,Healthtech
Vogo Automotive,Logistics & Transport
Furtados School of Music,Edtech
Paytm,Fintech
Dunzo,Other
Udaan,B2B & Industrial
The Man Company,Food & Beverage
FPL Technologies,Fintech
Cashflo,Fintech
Digital F5,Media & Entertainment
3rdFlix,SaaS & Enterprise Tech
75F,IoT & Hardware
Myelin Foundry,Consumer Internet & Tech
Atomberg Technology,Consumer Internet & Tech
GOQii,Healthtech
Vyapar App,SaaS & Enterprise Tech
Progcap,Fintech
MyPetrolPump,E-Commerce
Alteria Capital,Fintech
Pine Labs,Consumer Internet & Tech
Meesho,E-Commerce
Cars24,E-Commerce
Uniphore,Other
Zendrive,B2B & Industrial
Lo! Foods,Food & Beverage
Tala,Fintech
INDwealth,Fintech
HungerBox,Food & Beverage
AdmitKard,Edtech
Mishry Reviews,Consumer Internet & Tech
Grofers,E-Commerce
Rapido Bike Taxi,Logistics & Transport
RenewBuy,Fintech
Atlan,Consumer Internet & Tech
WizCounsel,SaaS & Enterprise Tech
Ola Cabs,Logistics & Transport
Uniphore,AI & Data
Daalchini Technologies,Food & Beverage
"""BYJU\\'S""",Edtech
Moglix,E-Commerce
Ezyhaul,Consumer Internet & Tech
Indus OS,Consumer Internet & Tech
HealthAssure,Healthtech
House of Msasaba,Fashion & Lifestyle
Board Infinity,Edtech
NoBroker,E-Commerce
Bira91,Food & Beverage
FabHotels,E-Commerce
Avail Finance,Fintech
BharatPe,Fintech
Recykal,CleanTech & Energy
Agara Labs,AI & Data
Sistema.bio,AgriTech
Chakr Innovation,CleanTech & Energy
Pratilipi,Media & Entertainment
Bolo App,Media & Entertainment
OkCredit,Fintech
Biz2Credit,Fintech
Vogo Automotive Pvt. Ltd.,Logistics & Transport
Leegality,Consumer Internet & Tech
Ola Electric,Logistics & Transport
Saahas Zero Waste,CleanTech & Energy
StyleDotMe,E-Commerce
BlackBuck,Logistics & Transport
Zenoti,SaaS & Enterprise Tech
Ather Energy,B2B & Industrial
FreshVnF,AgriTech
GlowRoad,E-Commerce
Kuvera,Fintech
Medlife,E-Commerce
Kabadiwala,E-Commerce
Tripoto,Media & Entertainment
Azah,Healthtech
Setu,Fintech
Toppr,Edtech
Craftsvilla,E-Commerce
Unacademy,Edtech
CleverTap,SaaS & Enterprise Tech
My Healthcare,E-Commerce
KrazyBee,E-Commerce
Increff,Consumer Internet & Tech
FleetX,Other
Zilingo,E-Commerce
NanoClean Global,IoT & Hardware
OyoRooms,Healthtech
CarDekho,B2B & Industrial
Vyome Therapeutics Inc.,Healthtech
Samunnati Financial Intermediation & Services Pvt. Ltd,Fintech
Manch,Media & Entertainment
UrbanClap Technologies Pvt. Ltd,Consumer Internet & Tech
Guiddoo,Travel & Hospitality
Career Anna,Edtech
Nagpur Wholesale,E-Commerce
ShopKirana,B2B & Industrial
BuildSupply,E-Commerce
GoDesi,Food & Beverage
Veritas Finance Ltd.,Fintech
Mobile Premier League,Media & Entertainment
A&R Bon Vivants,Food & Beverage
Blackbuck,Food & Beverage
MilkBAsket,Food & Beverage
DriveU,Logistics & Transport
CleanseCar,Consumer Internet & Tech
Automation Anywhere,SaaS & Enterprise Tech
HealthifyMe,Healthtech
Genius Corner,Edtech
Aavishkaar-Intellecap Group,Fintech
Skillbox,Social & Community
Signzy,Fintech
Engineer.ai,SaaS & Enterprise Tech
InCred Finance,Fintech
Roposo,Media & Entertainment
Northmist,Fashion & Lifestyle
Origo Commodities India Pvt. Ltd,Logistics & Transport
Grover Zampa,Food & Beverage
Droom,B2B & Industrial
Innov8,Real Estate & PropTech
Blackbuck,Logistics & Transport
LetsTransport,Logistics & Transport
Netmeds,Consumer Internet & Tech
Udaan,SaaS & Enterprise Tech
Daily hunt,Consumer Internet & Tech
3HCare,Healthtech
HappyGoEasy,Consumer Internet & Tech
Nykaa,Consumer Internet & Tech
Mad Street Den,Consumer Internet & Tech
Dream11,Consumer Internet & Tech
MamaEarth,Healthtech
AutoGrid,Consumer Internet & Tech
Pharmeasy,Consumer Internet & Tech
Upwards,Fintech
Kissht,Fintech
dishq,Food & Beverage
HealthFin,Fintech
Samosa Labs,Consumer Internet & Tech
ZiffyHomes,Consumer Internet & Tech
My OmNamo,Consumer Internet & Tech
ShopX,Consumer Internet & Tech
MakeMyTrip,Consumer Internet & Tech
Hansel io,Consumer Internet & Tech
Metro Bikes,Consumer Internet & Tech
Phone Pe,Consumer Internet & Tech
quizizz,Edtech
Happy EMI,Fintech
Inthree,Consumer Internet & Tech
Observe AI,Consumer Internet & Tech
Enakshi,Consumer Internet & Tech
EazyDiner,Consumer Internet & Tech
Finzy,Fintech
RawPressery,Consumer Internet & Tech
Pi Ventures,Consumer Internet & Tech
Revv,Consumer Internet & Tech
ZestMoney,Consumer Internet & Tech
Shubh Loans,Fintech
MyUpchar,Healthtech
Narvar,Consumer Internet & Tech
True North,Fintech
Leena AI,Consumer Internet & Tech
Biryani By Kilo,Consumer Internet & Tech
Anchanto,Consumer Internet & Tech
Loan Tap,Consumer Internet & Tech
PolicyBazaar,Consumer Internet & Tech
zippserv,Consumer Internet & Tech
Groww,Consumer Internet & Tech
Avenue Growth,Consumer Internet & Tech
iNICU,Healthtech
Kinara Capital,Fintech
Shop 101,Consumer Internet & Tech
Sambandh,Consumer Internet & Tech
19th mile,Consumer Internet & Tech
5th Vital,Healthtech
MEngage,Healthtech
Ofbusiness,Fintech
Cars24,Consumer Internet & Tech
The Ken,Consumer Internet & Tech
Book My Show,Consumer Internet & Tech
HousingMan,Consumer Internet & Tech
PaySense,Consumer Internet & Tech
Yulu Bikes,Consumer Internet & Tech
VTION,Consumer Internet & Tech
Log9 Materials,Consumer Internet & Tech
kidovators,Edtech
Digit,Consumer Internet & Tech
Black Soil,Fintech
Trell,Consumer Internet & Tech
iqlect,Consumer Internet & Tech
Entropik,Consumer Internet & Tech
Bitla Software,Consumer Internet & Tech
TheCapitalNet,Fintech
Shuttl,Consumer Internet & Tech
Cure Fit,Consumer Internet & Tech
Five Star Group,Fintech
Healthsignz,Healthtech
CoinTribe,Fintech
Digiconectt,Consumer Internet & Tech
Kashmir Box,E-Commerce
Crowdera,Fintech
Zoctr,Healthtech
Annapurna Finance,Fintech
Meesho,Consumer Internet & Tech
AyeFinance,Fintech
Theranosis,Healthtech
Alpha Capital,Fintech
eshakti,E-Commerce
Daily Ninja,Consumer Internet & Tech
NirogStreet,Healthtech
Nivesh,Fintech
What\\xe2\\x80\\x99s Up Life,Consumer Internet & Tech
HomeLane,Consumer Internet & Tech
Network Intelligence,Consumer Internet & Tech
Tynor Othontics,Healthtech
Elucidata,Consumer Internet & Tech
Chrysalis,Edtech
RentSher,Consumer Internet & Tech
Drip capital,Fintech
WickedRide,Consumer Internet & Tech
HipBar,Consumer Internet & Tech
Sqqrl,Fintech
Paytm,Consumer Internet & Tech
Sigtuple,Healthtech
Wow Express,Consumer Internet & Tech
Front Desk AI,Consumer Internet & Tech
Edureka,Edtech
Numeroseven,Consumer Internet & Tech
OpenTap,Fintech
Bizongo,Consumer Internet & Tech
Disprz,Consumer Internet & Tech
PaisaDukan,Consumer Internet & Tech
i3sysytems,Consumer Internet & Tech
Earth Food,Consumer Internet & Tech
mfine,Healthtech
Rocketium,Consumer Internet & Tech
MilkBasket,Consumer Internet & Tech
Vola,Fintech
Cashkumar,Consumer Internet & Tech
Edyoo,E-Commerce
Aashiyaan,Fintech
Smartivity,Edtech
Bonphulapl,CleanTech & Energy
Acko,Consumer Internet & Tech
HWell24,Healthtech
Toffee,Consumer Internet & Tech
Tonetag,Consumer Internet & Tech
Events High,Consumer Internet & Tech
Stellaps,Consumer Internet & Tech
Credright,Consumer Internet & Tech
Fitternity,Consumer Internet & Tech
Synctag,Consumer Internet & Tech
Benepik,Consumer Internet & Tech
Finzy,Consumer Internet & Tech
Varthana,Fintech
IndigoLearn,Edtech
Vedantu,Edtech
Kaleidofin,Fintech
Pipabella,Consumer Internet & Tech
Elemential,Consumer Internet & Tech
Kriger Campus,Edtech
Loanzen,Fintech
TravelTriangle,Consumer Internet & Tech
Letsmd,Healthtech
mintifi,Fintech
icanstay,Consumer Internet & Tech
Pregbuddy,Healthtech
Coverfox,Consumer Internet & Tech
Lenskart,Consumer Internet & Tech
mamaearth,Healthtech
Fyle Technologies,Consumer Internet & Tech
True Balance,Consumer Internet & Tech
Visit,Healthtech
Doxper,Healthtech
Mihuru,Fintech
Capital Float,Fintech
Trip shelf,Consumer Internet & Tech
POPxo,Consumer Internet & Tech
RailYatri,Consumer Internet & Tech
1mg,Consumer Internet & Tech
Rubique,Consumer Internet & Tech
Samco,Consumer Internet & Tech
MyLoanCare,Fintech
PharmEasy,Consumer Internet & Tech
Buddy4studdy,Consumer Internet & Tech
Urban Ladder,E-Commerce
Kuvera,Consumer Internet & Tech
Gramophone,Consumer Internet & Tech
Wellthy,Healthtech
MedGenome,Healthtech
Finova Capital,Consumer Internet & Tech
Hotelogix,Consumer Internet & Tech
Livehealth,Consumer Internet & Tech
Ad2pro,Consumer Internet & Tech
Pepperfry,Consumer Internet & Tech
Magicpin,Consumer Internet & Tech
HealthCare,Consumer Internet & Tech
PineLabs,Consumer Internet & Tech
Stumagz,Consumer Internet & Tech
AvailFinance,Consumer Internet & Tech
Grofers,Consumer Internet & Tech
Fingerlix,Consumer Internet & Tech
Karma Healthcare,Healthtech
Zappfresh,Food & Beverage
CustomerSucessBox,Consumer Internet & Tech
One Labs,Consumer Internet & Tech
GigIndia,Consumer Internet & Tech
Chargebee,Consumer Internet & Tech
i2i Funding,Consumer Internet & Tech
Slang Labs,Consumer Internet & Tech
UrbanPiper,Consumer Internet & Tech
Cash Suvidha,Consumer Internet & Tech
Roadcast,Consumer Internet & Tech
Smartcoin,Fintech
The Print,Media & Entertainment
DriveU,Consumer Internet & Tech
Fynd,Consumer Internet & Tech
BigBasket,Consumer Internet & Tech
Zomato,Food & Beverage
Asia Institute Of Medical Science,Healthtech
CollegeDekho,Consumer Internet & Tech
Foodmemories,Consumer Internet & Tech
Healthi,Healthtech
Swiggy,Food & Beverage
Shape,Healthtech
Icertis,Consumer Internet & Tech
healthifyme,Healthtech
MedTel,Healthtech
Rupeek,Consumer Internet & Tech
WebEngage,Consumer Internet & Tech
Lendingkart,Fintech
Wydr,Consumer Internet & Tech
Cashify,E-Commerce
holachef,Food & Beverage
Awaaz De,Consumer Internet & Tech
IMAX Program,Edtech
Littlemore,Edtech
Shirsa Labs,Edtech
MoneyOnMobile,Consumer Internet & Tech
PetSutra,Consumer Internet & Tech
Infibeam,E-Commerce
happay,Fintech
Fincash,Fintech
Agricxlab,AgriTech
Udaan,E-Commerce
Capillary,Consumer Internet & Tech
The Healthy Billions,Healthtech
HighRadius,Consumer Internet & Tech
Avishkaar Box,Edtech
Planys Technologies,Consumer Internet & Tech
Lollypop,Consumer Internet & Tech
Trilyo,Consumer Internet & Tech
Gaana,Consumer Internet & Tech
Credy,Consumer Internet & Tech
Predible Health,Healthtech
CleverTap,Consumer Internet & Tech
EarlySalary,Fintech
WOTU,E-Commerce
DAAKI,E-Commerce
Kinsane Entertainment Inc,Media & Entertainment
Tapzo,Consumer Internet & Tech
Appario Retail Pvt Ltd.,E-Commerce
Samunnati,Fintech
Sahajanand Medical Technologies,Consumer Internet & Tech
Kuants,Consumer Internet & Tech
Razorpay,Consumer Internet & Tech
Streak,Consumer Internet & Tech
pi Ventures,Fintech
Newgen Software,Consumer Internet & Tech
Rubix,Consumer Internet & Tech
ShareChat,Consumer Internet & Tech
Paperflite,Consumer Internet & Tech
HungerBox,Consumer Internet & Tech
Skillate,Consumer Internet & Tech
OptaCredit,Fintech
AEON Learning,Consumer Internet & Tech
Milkbasket,E-Commerce
NeoGrowth Credit,Fintech
Rao IIT Academy,Edtech
Glassic,E-Commerce
GreyAtom,Consumer Internet & Tech
Axio,Healthtech
eKincare,Healthtech
The Wedding Brigade,Consumer Internet & Tech
PeeSafe,Healthtech
BrowserStack,Consumer Internet & Tech
Scapic,Consumer Internet & Tech
CureFit,Healthtech
iNurture,Consumer Internet & Tech
Strata Enviro,Consumer Internet & Tech
Dunzo,Consumer Internet & Tech
Tata Housing,Real Estate & PropTech
HandyTrain,Consumer Internet & Tech
Mobycy,Consumer Internet & Tech
Greenlight Planet,Consumer Internet & Tech
Fintobox,Consumer Internet & Tech
Mswipe,Consumer Internet & Tech
The Label Life,E-Commerce
Cygnus Hospitals,Healthtech
eShakti,E-Commerce
Inshorts,Consumer Internet & Tech
Vahdam Tea,E-Commerce
Logic Roots,Consumer Internet & Tech
Project Mudra,Consumer Internet & Tech
Furlenco,Consumer Internet & Tech
I Can Stay,Consumer Internet & Tech
Fracktal Works,Consumer Internet & Tech
Simility,Consumer Internet & Tech
Shopholix,E-Commerce
MindTickle,Consumer Internet & Tech
Nazara Technologies,Consumer Internet & Tech
DocsApp,Consumer Internet & Tech
Capita World,Consumer Internet & Tech
Tea Box,E-Commerce
Transversal Technologies,Consumer Internet & Tech
Curofy,Consumer Internet & Tech
HomeLane,E-Commerce
WeDoSky,Consumer Internet & Tech
Purplle,E-Commerce
Cash Suvidha,E-Commerce
Sky Met Weather,Consumer Internet & Tech
Springboard,Consumer Internet & Tech
Peel Works,Consumer Internet & Tech
9Stacks,Consumer Internet & Tech
Your Quote,Consumer Internet & Tech
Spandana Sphoorty,Fintech
EasyEcom,E-Commerce
IGP.com,E-Commerce
Specsmakers,E-Commerce
Garage On Road,E-Commerce
Foyr.com,Consumer Internet & Tech
Prest Loans,Fintech
AadharAPI.com,Consumer Internet & Tech
FreshBoxx,E-Commerce
Vagupu,Consumer Internet & Tech
HalaPlay,Consumer Internet & Tech
Kalpnik Technologies,Consumer Internet & Tech
Hevo Data,Consumer Internet & Tech
Smart Karma,Consumer Internet & Tech
Leverage Edu,E-Commerce
Crayon Data,Consumer Internet & Tech
DocTalk,Consumer Internet & Tech
CoveIoT,Consumer Internet & Tech
TalentEdge,Consumer Internet & Tech
Fisdom,Fintech
FarmLink,E-Commerce
OpenApp,Consumer Internet & Tech
NoPaperForms,Consumer Internet & Tech
Tilite Technologies Pvt. Ltd,Consumer Internet & Tech
Mobiliz AR,Consumer Internet & Tech
Qubole,Consumer Internet & Tech
Happily Unmarried,E-Commerce
Universal Sportsbiz Pvt. Ltd,E-Commerce
Hungry Foal,E-Commerce
Active AI,Consumer Internet & Tech
Sumeru,Consumer Internet & Tech
ElderAid Wellness,Healthtech
Omnia Information,Consumer Internet & Tech
Josh Talks,Consumer Internet & Tech
Reniso,Consumer Internet & Tech
Kanhaiya,Consumer Internet & Tech
Perspectico,Consumer Internet & Tech
ONN Bikes,Consumer Internet & Tech
Rapido,Consumer Internet & Tech
Heckyl,Consumer Internet & Tech
Nuvepro,Consumer Internet & Tech
RedBook,Consumer Internet & Tech
Portea,Healthtech
Credit Mate,Consumer Internet & Tech
Epiq Capital,Fintech
MiStay,Consumer Internet & Tech
WittyFeed,Consumer Internet & Tech
IDG Ventures,Fintech
TempGo,Consumer Internet & Tech
Edelweiss,Fintech
ERA,Consumer Internet & Tech
Smaaash,Consumer Internet & Tech
Chumbak,Fashion & Lifestyle
FR8,Consumer Internet & Tech
MobieFit,Healthtech
Stanza Living,Consumer Internet & Tech
ChqBook,Consumer Internet & Tech
HomeCapital,Consumer Internet & Tech
Ola Cabs,Consumer Internet & Tech
Elanic,Consumer Internet & Tech
CollPoll,Consumer Internet & Tech
PhonePe,Consumer Internet & Tech
Little Black Book,Consumer Internet & Tech
Oorjan,Consumer Internet & Tech
Zefo,E-Commerce
Yaantra,E-Commerce
Farm Taaza,Consumer Internet & Tech
Drivezy,Consumer Internet & Tech
Slice Pay,Consumer Internet & Tech
Agrowave,Consumer Internet & Tech
MyGubbi,E-Commerce
IBSFintech,Consumer Internet & Tech
Letsservice,Consumer Internet & Tech
OneStepUp,Consumer Internet & Tech
ThirdWatch,Consumer Internet & Tech
Parallel Dots,Consumer Internet & Tech
Easy Diner,Consumer Internet & Tech
StanPlus,Logistics & Transport
UCLID,Consumer Internet & Tech
Policy Bazaar,Consumer Internet & Tech
Gapoon,Consumer Internet & Tech
Chaayos,E-Commerce
KrazyBee,Consumer Internet & Tech
Renew Buy,Consumer Internet & Tech
Bank Bazaar,Consumer Internet & Tech
Hasura,Consumer Internet & Tech
LenDen Club,Consumer Internet & Tech
Toppr,Consumer Internet & Tech
RAW Pressery,Food & Beverage
Cashe,Consumer Internet & Tech
Park Easy,Consumer Internet & Tech
TagBox,Consumer Internet & Tech
FYRE,Food & Beverage
ZipLoan,Consumer Internet & Tech
Skillenza,Consumer Internet & Tech
Chevon,Food & Beverage
PropStory,Consumer Internet & Tech
SpotDraft,Consumer Internet & Tech
Big Basket,E-Commerce
OfBusiness,Consumer Internet & Tech
Olly Credit,Consumer Internet & Tech
CashFree,Consumer Internet & Tech
GoldFarm,Food & Beverage
NetMeds,E-Commerce
MSE,Fintech
Aahaa Stores,E-Commerce
MFine,Consumer Internet & Tech
Canvera,Consumer Internet & Tech
PrimaryIO,Consumer Internet & Tech
Shubh Loans,Consumer Internet & Tech
Nest Education,Consumer Internet & Tech
Lending Kart,Consumer Internet & Tech
GoFro,Consumer Internet & Tech
OncoStem,Healthtech
Power2SME,E-Commerce
Credit Vidya,Consumer Internet & Tech
Tails Life,Consumer Internet & Tech
OYO Rooms,Consumer Internet & Tech
Early Salary,Consumer Internet & Tech
MamaEarth,E-Commerce
Seniority,E-Commerce
AYE Finance,Consumer Internet & Tech
Farmizen,Consumer Internet & Tech
Ecom Express,Logistics & Transport
Call Health,Consumer Internet & Tech
Sattviko,E-Commerce
3HCare,Consumer Internet & Tech
Tonbo Imaging,Consumer Internet & Tech
Get My Parking,Consumer Internet & Tech
Glowroad,Consumer Internet & Tech
Unacademy,Consumer Internet & Tech
Heterogenous,Consumer Internet & Tech
Gurukul,Consumer Internet & Tech
WheelStreet,Consumer Internet & Tech
Xprep,Consumer Internet & Tech
The Moms Co,E-Commerce
Noticeboard,Consumer Internet & Tech
High Radius,Consumer Internet & Tech
HWell24 Plus,Healthtech
SaveBC,Fintech
Gaming Monk,Consumer Internet & Tech
91SpringBoard,Consumer Internet & Tech
Homergize,E-Commerce
Yatra.com,E-Commerce
Ace Turtle,Consumer Internet & Tech
Vogo,Consumer Internet & Tech
Synup,Consumer Internet & Tech
Tinmen,Consumer Internet & Tech
Cropin,Consumer Internet & Tech
Sportobuddy,Consumer Internet & Tech
Credifiable,Consumer Internet & Tech
Inclov,Consumer Internet & Tech
Multibhashi,Consumer Internet & Tech
Transerve,Consumer Internet & Tech
Fashalot,Consumer Internet & Tech
Pitstop,Consumer Internet & Tech
GoChoppers,Consumer Internet & Tech
MyUpchar,Consumer Internet & Tech
Aadyah,Consumer Internet & Tech
TouchKin,Consumer Internet & Tech
Ethinos,Consumer Internet & Tech
Leverage Edu,Consumer Internet & Tech
Zepo,Consumer Internet & Tech
Click2Clinic,Consumer Internet & Tech
SpeedBox,Logistics & Transport
Skill Connect,Consumer Internet & Tech
Chai Point,Consumer Internet & Tech
Zoctr,Consumer Internet & Tech
Lime Tray,Consumer Internet & Tech
CoutLoot,E-Commerce
Box My Space,Logistics & Transport
Curatio,Healthtech
New Castle Technologies,Consumer Internet & Tech
My Forex Eye,Consumer Internet & Tech
TruxApp,Logistics & Transport
CroFarm,Consumer Internet & Tech
DoodhWala,Consumer Internet & Tech
Stayabode,Consumer Internet & Tech
Flipkart,E-Commerce
Moong Labs,Consumer Internet & Tech
Sports Flashes,Consumer Internet & Tech
Digilend,Consumer Internet & Tech
KNAB Finance,Consumer Internet & Tech
Get Simpl,Consumer Internet & Tech
Rootefy,E-Commerce
Uniphore,Consumer Internet & Tech
Cerebroz,Consumer Internet & Tech
Flochat,Consumer Internet & Tech
EasyGov,Consumer Internet & Tech
Milk Basket,Consumer Internet & Tech
Dhruva,Consumer Internet & Tech
Bombay Shaving Company,E-Commerce
Awign,Consumer Internet & Tech
Indiez,Consumer Internet & Tech
Ezetap,Consumer Internet & Tech
Ink Monk,Consumer Internet & Tech
Medinfi,Consumer Internet & Tech
Mobikon,Consumer Internet & Tech
CureFit,Consumer Internet & Tech
Doxper,Consumer Internet & Tech
Fieldassist,Consumer Internet & Tech
Treebo,Consumer Internet & Tech
MedGenome,Consumer Internet & Tech
Billion Loans,Consumer Internet & Tech
Ecolibriumenergy,Consumer Internet & Tech
Droom,E-Commerce
Jumbotail,E-Commerce
Timesaverz,Consumer Internet & Tech
Minjar,Consumer Internet & Tech
MyCity4kids,Consumer Internet & Tech
Clip App,Consumer Internet & Tech
Upwardly.in,Consumer Internet & Tech
Autorox.co,Consumer Internet & Tech
Fabogo,Consumer Internet & Tech
Flickstree,Consumer Internet & Tech
Design Cafe,Consumer Internet & Tech
Innoviti,Consumer Internet & Tech
VDeliver,Logistics & Transport
Bottr.me,Consumer Internet & Tech
Arcatron,Consumer Internet & Tech
QwikSpec,Consumer Internet & Tech
Chumbak,E-Commerce
Vayana,Consumer Internet & Tech
MObiquest,Consumer Internet & Tech
Ambee,Consumer Internet & Tech
Ideal Insurance,Consumer Internet & Tech
Hypernova Interactive,Consumer Internet & Tech
Rentomojo,Consumer Internet & Tech
AirCTO,Consumer Internet & Tech
Playablo,Consumer Internet & Tech
Trupay,Consumer Internet & Tech
Brick2Wall,E-Commerce
FableStreet,E-Commerce
Monsoon Fintech,Consumer Internet & Tech
MonkeyBox,Consumer Internet & Tech
Byju\\xe2\\x80\\x99s,Consumer Internet & Tech
Creator\\xe2\\x80\\x99s Gurukul,Consumer Internet & Tech
Fab Hotels,Consumer Internet & Tech
ThinkerBell,Consumer Internet & Tech
1mg,E-Commerce
Jhakaas,Consumer Internet & Tech
BigStylist,Consumer Internet & Tech
Gympik.com,Consumer Internet & Tech
Tripeur,Consumer Internet & Tech
RentOnGo,E-Commerce
Goomo,Consumer Internet & Tech
MaxMyWealth,Consumer Internet & Tech
Spinny,E-Commerce
Healthbuds,Consumer Internet & Tech
Ftcash,Consumer Internet & Tech
BHIVE Workspace,Consumer Internet & Tech
wayForward,Consumer Internet & Tech
GyanDhan,Consumer Internet & Tech
Hungry Foal,Consumer Internet & Tech
GrowFitter,Consumer Internet & Tech
Stratfit,Consumer Internet & Tech
Multiplier Solutions,Consumer Internet & Tech
ABI Health,Consumer Internet & Tech
Stockal,Consumer Internet & Tech
Guidoo,Consumer Internet & Tech
eSahai.in,Consumer Internet & Tech
Loanmeet,Consumer Internet & Tech
LendingKart,Consumer Internet & Tech
Boxx.ai,Consumer Internet & Tech
PeeSafe.in,Healthtech
Vista Rooms,Consumer Internet & Tech
CoverFox,Consumer Internet & Tech
HyperTrack,Consumer Internet & Tech
Goodera,Consumer Internet & Tech
Ola,Consumer Internet & Tech
Vanitycask,Consumer Internet & Tech
MrNeeds,Consumer Internet & Tech
MoneyTap,Consumer Internet & Tech
Goodbox,E-Commerce
Fincash,Consumer Internet & Tech
PortDesk,Consumer Internet & Tech
EdgeFx,E-Commerce
HealthIntel,Healthtech
Unbxd,Consumer Internet & Tech
DarwinBox,Consumer Internet & Tech
ForeverShop,Consumer Internet & Tech
Insider.in,Consumer Internet & Tech
Fynd,E-Commerce
Grow Fit,Consumer Internet & Tech
Fabulyst,Consumer Internet & Tech
mSwipe,Consumer Internet & Tech
OneAssist,Consumer Internet & Tech
Julia Computing,Consumer Internet & Tech
Kissht,Consumer Internet & Tech
Explore Life traveling,Consumer Internet & Tech
Loantap,Consumer Internet & Tech
Voxweb,Consumer Internet & Tech
HUG Innovations,Consumer Internet & Tech
V Resorts,Consumer Internet & Tech
Stashfin,Consumer Internet & Tech
Formcept,Consumer Internet & Tech
Spares Hub,E-Commerce
FiTraQ,Consumer Internet & Tech
Niki.ai,Consumer Internet & Tech
Fitpass,Consumer Internet & Tech
ZingHR,Consumer Internet & Tech
Tagos Design,Consumer Internet & Tech
UrbanClap,Consumer Internet & Tech
Ace2three,Consumer Internet & Tech
Innovapptive,Consumer Internet & Tech
4tigo,Logistics & Transport
SMECorner,Consumer Internet & Tech
ZippServe,Consumer Internet & Tech
Healthians,Consumer Internet & Tech
HealthMir,Consumer Internet & Tech
Uactive,Consumer Internet & Tech
i-lend,Consumer Internet & Tech
Good Methods Global,Consumer Internet & Tech
Balance App,Consumer Internet & Tech
YepMe,E-Commerce
Nightstay,Consumer Internet & Tech
Devourin,Consumer Internet & Tech
MyGreens,Food & Beverage
Curie Labs,Consumer Internet & Tech
Uncanny Vision,Consumer Internet & Tech
Sequretek,Consumer Internet & Tech
Lucideus,Consumer Internet & Tech
Vidooly,Consumer Internet & Tech
Shopclues,E-Commerce
Fourth Ambit,Consumer Internet & Tech
Chymera VR,Consumer Internet & Tech
Book My Diamond,E-Commerce
ION Energy,Consumer Internet & Tech
Legal Raasta,Consumer Internet & Tech
Log 9 Materials,Consumer Internet & Tech
Remit Guru,Consumer Internet & Tech
Aequm,E-Commerce
Zapty,Consumer Internet & Tech
Vernacular.ai,Consumer Internet & Tech
Telr,Consumer Internet & Tech
Genie,Consumer Internet & Tech
Paysense,Consumer Internet & Tech
The Good Life,E-Commerce
PumpKart,E-Commerce
Paytm,E-Commerce
EzCred,Consumer Internet & Tech
HealthSutra,Food & Beverage
Delhivery,Logistics & Transport
ZipGrid,Consumer Internet & Tech
TravelSpice,E-Commerce
The Print,Consumer Internet & Tech
Box8,Consumer Internet & Tech
GenNext Students,Consumer Internet & Tech
WhatsLoan,Consumer Internet & Tech
Cube Consumer Services,Consumer Internet & Tech
Nivesh,Consumer Internet & Tech
Wowflux,Consumer Internet & Tech
Collateral Medical,E-Commerce
Loadshare,Logistics & Transport
SimpliLend,Consumer Internet & Tech
Supr Daily,Consumer Internet & Tech
Swiggy,Consumer Internet & Tech
SastaSundar,E-Commerce
Eruditus,Edtech
TestBook,Consumer Internet & Tech
Healthcare at Home,Healthtech
Tyre Express,Consumer Internet & Tech
SmartCoin,Consumer Internet & Tech
WayCool,Food & Beverage
Perfios,Consumer Internet & Tech
Whatfix,Consumer Internet & Tech
ElastiRun,Consumer Internet & Tech
Trukky,Consumer Internet & Tech
Konsult App,Consumer Internet & Tech
Credit Sudhaar,Consumer Internet & Tech
DataWeave,Consumer Internet & Tech
Medwell Ventures,Healthtech
Mech Mocha,Consumer Internet & Tech
Startup Buddy,Consumer Internet & Tech
QorQI,Healthtech
Twenty Two Motors,Consumer Internet & Tech
PharmEasy,E-Commerce
WonderChef,E-Commerce
FastFox,Consumer Internet & Tech
Omnify,Consumer Internet & Tech
Capital Float,Consumer Internet & Tech
Ninjacart,E-Commerce
MergerWare,Consumer Internet & Tech
Clovia,E-Commerce
Emiza,Logistics & Transport
HackerEarth,Consumer Internet & Tech
Squadrun,Consumer Internet & Tech
ScoutMyTrip,Consumer Internet & Tech
SafetyKart,E-Commerce
WeAreHolidays,Consumer Internet & Tech
Myly,Consumer Internet & Tech
CrediHealth,Consumer Internet & Tech
Navia Life Care,Consumer Internet & Tech
Raw Pressery,Food & Beverage
Snackible,Food & Beverage
Be U Salons,Consumer Internet & Tech
Simulanis,Consumer Internet & Tech
Innefu Security Consulting,Consumer Internet & Tech
Whodat,Consumer Internet & Tech
Absentia VR,Consumer Internet & Tech
IOTrek,Consumer Internet & Tech
HolaChef,Consumer Internet & Tech
Wooplr,E-Commerce
Video Ken,Consumer Internet & Tech
Faasos,Food & Beverage
Oyo Rooms,Consumer Internet & Tech
Niramai,Healthtech
The Office Pass,Consumer Internet & Tech
Awfis,Consumer Internet & Tech
Myra,Consumer Internet & Tech
Flytxt,Consumer Internet & Tech
Howdy Ventures,Consumer Internet & Tech
StalkBuyLove,E-Commerce
ZipGo,Consumer Internet & Tech
Scootsy,Consumer Internet & Tech
Autobix,Consumer Internet & Tech
eShiksha,Consumer Internet & Tech
Sepalika,Consumer Internet & Tech
Mintwalk,Consumer Internet & Tech
Qriyo,Consumer Internet & Tech
Belong,Consumer Internet & Tech
Seenit,Consumer Internet & Tech
Paalak,E-Commerce
Celes Care,Consumer Internet & Tech
Karomi,Consumer Internet & Tech
Red Carpet,Consumer Internet & Tech
Kreate Konnect,Consumer Internet & Tech
CreditMantri,Consumer Internet & Tech
Lets Endorse,Consumer Internet & Tech
Tydy,Consumer Internet & Tech
Nactus,Consumer Internet & Tech
Oho Shop,Consumer Internet & Tech
Emojifi,Consumer Internet & Tech
Paytm Marketplace,E-Commerce
iGenetics,Healthtech
Juno Clinic,Consumer Internet & Tech
Summerlabel,Consumer Internet & Tech
PickMe,Consumer Internet & Tech
Agrostar,Consumer Internet & Tech
Zapr,Consumer Internet & Tech
Data Resolve,Consumer Internet & Tech
Book Servicing,Consumer Internet & Tech
Blowhorn,Consumer Internet & Tech
Rivigo,Logistics & Transport
PipeCandy,Consumer Internet & Tech
Parentune,Consumer Internet & Tech
AppBrowzer,Consumer Internet & Tech
MagicBricks,Consumer Internet & Tech
PeeBuddy,Healthtech
iOrderFresh,E-Commerce
Lavelle Networks,Consumer Internet & Tech
PropertyShare,Consumer Internet & Tech
MyDermacy,Consumer Internet & Tech
LatestOne,E-Commerce
Frapperz,Consumer Internet & Tech
mPaani,Consumer Internet & Tech
ShilpMIS,Consumer Internet & Tech
Fitso,Consumer Internet & Tech
FarMart,Consumer Internet & Tech
Airpay,Consumer Internet & Tech
MyGlamm,Consumer Internet & Tech
The Mons Co.,E-Commerce
Haqdarshak,Consumer Internet & Tech
Ixigo,Consumer Internet & Tech
Markets and Markets,Consumer Internet & Tech
Bizom,Consumer Internet & Tech
BabyonBoard,Consumer Internet & Tech
Delhivery,Consumer Internet & Tech
Sport Flashes,Consumer Internet & Tech
Wigzo,Consumer Internet & Tech
DoneThing,Consumer Internet & Tech
Zapyle,E-Commerce
Ithaka,Consumer Internet & Tech
perpule,E-Commerce
Emflux Motors,Consumer Internet & Tech
Klinic App,Consumer Internet & Tech
Oriano Solar,Consumer Internet & Tech
BigBasket,E-Commerce
Rooter,Consumer Internet & Tech
FalconBrick,Consumer Internet & Tech
Clodura,Consumer Internet & Tech
Stockroom.io,Consumer Internet & Tech
iManageMyHotel,Consumer Internet & Tech
Inner Hour,Consumer Internet & Tech
Travel Triangle,Consumer Internet & Tech
Wandertrails,Consumer Internet & Tech
Zenatix,Consumer Internet & Tech
Cartrade,Consumer Internet & Tech
MindYourFleet,Consumer Internet & Tech
Edurev,Consumer Internet & Tech
Voonik,E-Commerce
1Crowd,Fintech
48East,E-Commerce
Redesyn,Consumer Internet & Tech
Sigtuple,Consumer Internet & Tech
Flutura,Consumer Internet & Tech
Wassup,Consumer Internet & Tech
Better Mortgage,Consumer Internet & Tech
Nurturey,Consumer Internet & Tech
Fyle,Consumer Internet & Tech
GoBumpr,Consumer Internet & Tech
CCAvenue,Consumer Internet & Tech
Connaizen,Consumer Internet & Tech
Innov8,Consumer Internet & Tech
AirZaar,Consumer Internet & Tech
Truebil,Consumer Internet & Tech
YourStory,Consumer Internet & Tech
Imaginate,Consumer Internet & Tech
Aisle,Consumer Internet & Tech
TownScript,Consumer Internet & Tech
Leopetra,E-Commerce
Blood n Care,Consumer Internet & Tech
Vebbler,Consumer Internet & Tech
Lets Reap,Consumer Internet & Tech
Oglas,Consumer Internet & Tech
Staydobe,Consumer Internet & Tech
Johari Shop,E-Commerce
NeoStencil,Consumer Internet & Tech
TaxSutra,Consumer Internet & Tech
TempoGo,Consumer Internet & Tech
GoFynd,E-Commerce
Vow Car Clinic,Consumer Internet & Tech
LearnTron,Consumer Internet & Tech
MobiDent,Consumer Internet & Tech
Yostra,Consumer Internet & Tech
Leap India,Logistics & Transport
FreeCharge,Consumer Internet & Tech
TicketNew,Consumer Internet & Tech
Intelligence Node,Consumer Internet & Tech
Securens,Consumer Internet & Tech
Loan Frame,Consumer Internet & Tech
DriveSkool,Consumer Internet & Tech
LensKart,E-Commerce
InstaOffice,Consumer Internet & Tech
Hansel.io,Consumer Internet & Tech
Square Yards,Consumer Internet & Tech
Roambee,Consumer Internet & Tech
PaisaWapas,Consumer Internet & Tech
iService,Consumer Internet & Tech
SecururAX,Consumer Internet & Tech
Leadburg,Consumer Internet & Tech
ZoloStays,Consumer Internet & Tech
Oi Media,Consumer Internet & Tech
HipCouch,Consumer Internet & Tech
Curiositi,Consumer Internet & Tech
TinyStep,Consumer Internet & Tech
Practo,Consumer Internet & Tech
Ketchupp,Consumer Internet & Tech
Hoopy,Consumer Internet & Tech
Ezytruk,Consumer Internet & Tech
Kratikal,Consumer Internet & Tech
Direct Create,E-Commerce
Vahdam Teas,E-Commerce
Qwikspec,Consumer Internet & Tech
PParke,Consumer Internet & Tech
Weddingz.in,Consumer Internet & Tech
Native Special,E-Commerce
Fitnapp,Consumer Internet & Tech
Ethosh,Consumer Internet & Tech
Wydr,E-Commerce
MessaGif,Consumer Internet & Tech
SmartHi,Consumer Internet & Tech
CRON Systems,Consumer Internet & Tech
CueMath,Consumer Internet & Tech
ChipperSage,Consumer Internet & Tech
SelectJobs,Consumer Internet & Tech
Khel Now,Consumer Internet & Tech
NowFloats,Consumer Internet & Tech
Lets Transport,Consumer Internet & Tech
BetaOut,Consumer Internet & Tech
Wishberry,Consumer Internet & Tech
RML Agtech,Consumer Internet & Tech
LoyaltyPrime,Consumer Internet & Tech
InstaSafe,Consumer Internet & Tech
99Games,Consumer Internet & Tech
AirMed Labs,Consumer Internet & Tech
99PerHour,Consumer Internet & Tech
Kochi Post,Consumer Internet & Tech
Intuit Things,Consumer Internet & Tech
Cloudrino,Consumer Internet & Tech
FabX,E-Commerce
Maptags,Consumer Internet & Tech
YOLO Health,Consumer Internet & Tech
Heads Up For Tails,E-Commerce
Register My Marriage,Consumer Internet & Tech
SidQam,Consumer Internet & Tech
India Lends,Consumer Internet & Tech
Slide App,Consumer Internet & Tech
Badiyajobs,Consumer Internet & Tech
Streo,Consumer Internet & Tech
TYGR,Consumer Internet & Tech
Mr Hot Foods,Consumer Internet & Tech
UrDoorStep,E-Commerce
ONN Bikes,E-Commerce
Diro Labs,Consumer Internet & Tech
THB,Consumer Internet & Tech
LookAtMe,Consumer Internet & Tech
Netree,E-Commerce
BookEventz,Consumer Internet & Tech
Tailslife,Consumer Internet & Tech
WealthApp,Consumer Internet & Tech
Vehico,Consumer Internet & Tech
Zest Money,Consumer Internet & Tech
GoMechanic,Consumer Internet & Tech
Stalk Buy Love,E-Commerce
Nykaa,E-Commerce
Wittyparot,Consumer Internet & Tech
NeuroEquilibrium,Consumer Internet & Tech
Xseed Education,Consumer Internet & Tech
Rupaiya Exchange,Consumer Internet & Tech
Doctor Insta,Consumer Internet & Tech
Fresh Food Concepts,Food & Beverage
Indifi,Consumer Internet & Tech
GoComet,Logistics & Transport
OfBusiness,E-Commerce
Fitmein,Consumer Internet & Tech
Qacco,Consumer Internet & Tech
MoEngage,Consumer Internet & Tech
Ten3t Health,Consumer Internet & Tech
Trading Bells,Consumer Internet & Tech
SERV\\xe2\\x80\\x99D,Consumer Internet & Tech
IdeaForge,Consumer Internet & Tech
Amagi Media Labs,Consumer Internet & Tech
Pocket Aces,Consumer Internet & Tech
Pi Data Centers,Consumer Internet & Tech
TripShelf,Consumer Internet & Tech
NoBroker,Consumer Internet & Tech
VivoCarat,E-Commerce
Tiyo,Consumer Internet & Tech
Zoomcar,Consumer Internet & Tech
BYJU\\xe2\\x80\\x99s,Consumer Internet & Tech
The BlueBook,Consumer Internet & Tech
Vegetall,E-Commerce
Innoplexus,Consumer Internet & Tech
Mindler,Consumer Internet & Tech
MCaffeine,E-Commerce
enKast,Consumer Internet & Tech
ShopKirana,E-Commerce
MyAdvo,Consumer Internet & Tech
Asocon,Consumer Internet & Tech
LexComply,Consumer Internet & Tech
The Postbox,E-Commerce
Pandorum Technologies,Consumer Internet & Tech
Dekkho,Consumer Internet & Tech
Shadowfox,Logistics & Transport
ShopX,E-Commerce
Healthifyme,Consumer Internet & Tech
LetsMD,Consumer Internet & Tech
Justbooks,Consumer Internet & Tech
InstantPay,Consumer Internet & Tech
PickMyLaundry,Consumer Internet & Tech
FreshDesk,Consumer Internet & Tech
LaundryAnna,Consumer Internet & Tech
Sattviko,Food & Beverage
Zarget,Consumer Internet & Tech
DoSelect,Consumer Internet & Tech
EasyPolicy,Consumer Internet & Tech
Browntape,Consumer Internet & Tech
Connect India,Logistics & Transport
Corseco,Consumer Internet & Tech
vImmune,Consumer Internet & Tech
The Gourmet Jar,E-Commerce
Medzin,E-Commerce
Bizongo,E-Commerce
JustRide,Consumer Internet & Tech
IIM Jobs,Consumer Internet & Tech
GolfLAN,Consumer Internet & Tech
Yottaasys,Consumer Internet & Tech
Tone Tag,Consumer Internet & Tech
Life in Control,Consumer Internet & Tech
Active.ai,Consumer Internet & Tech
ElasticRun,Consumer Internet & Tech
PlaySimple,Consumer Internet & Tech
Stasis Labs,Consumer Internet & Tech
Scienaptic,Consumer Internet & Tech
Koovs,E-Commerce
Lawrato,Consumer Internet & Tech
Trip Tap Toe,Consumer Internet & Tech
Pictor Imaging,Consumer Internet & Tech
GramCover,Fintech
AerMed,E-Commerce
WorkIndia,Consumer Internet & Tech
Bats on delivery,Consumer Internet & Tech
numberz.in,Consumer Internet & Tech
Housing.com,Consumer Internet & Tech
Awesummly,Consumer Internet & Tech
VoLT,Consumer Internet & Tech
Vymo,Consumer Internet & Tech
ShubhLoans,Consumer Internet & Tech
Noddapp,Consumer Internet & Tech
Knowlarity,Consumer Internet & Tech
Infisecure,Consumer Internet & Tech
FroyoFit,Consumer Internet & Tech
Betterplace,Consumer Internet & Tech
UClean,Consumer Internet & Tech
Servify,Consumer Internet & Tech
Hubilo,Consumer Internet & Tech
FunOnGo,Consumer Internet & Tech
121Policy,Consumer Internet & Tech
TapChief,Consumer Internet & Tech
Kloseby,Consumer Internet & Tech
WholeSaleBox,E-Commerce
Crossahead,Consumer Internet & Tech
Affordplan,Consumer Internet & Tech
ShopsUp,E-Commerce
Indofash,E-Commerce
Entropika,Consumer Internet & Tech
MarianaIQ,Consumer Internet & Tech
Chai Thela,Food & Beverage
Interviewpad,Consumer Internet & Tech
Math Buddy,Consumer Internet & Tech
Pulse,Consumer Internet & Tech
Carcrew.in,Consumer Internet & Tech
MeraKisan,E-Commerce
Mystifly,Consumer Internet & Tech
HelpChat,Consumer Internet & Tech
World Art Community,E-Commerce
Giftxoxo,E-Commerce
Bharat Bazaar,E-Commerce
GOQii,Consumer Internet & Tech
India Gifts Portal,E-Commerce
NetLinx,Consumer Internet & Tech
Scandid,Consumer Internet & Tech
Remitr,Consumer Internet & Tech
InnerChef,Consumer Internet & Tech
AppsDaily,Consumer Internet & Tech
MuhurtMaza,Consumer Internet & Tech
Azuro,Consumer Internet & Tech
NeuroSynaptic,Consumer Internet & Tech
UE LifeSciences,Consumer Internet & Tech
FindmeaShoe,Consumer Internet & Tech
RealBox,Consumer Internet & Tech
Sportido,Consumer Internet & Tech
GoZefo,E-Commerce
RayIOT,Consumer Internet & Tech
KOOH Sports,Consumer Internet & Tech
Flexiloans,Consumer Internet & Tech
Sibia Analytics,Consumer Internet & Tech
Vithi.com,E-Commerce
Yupp TV,Consumer Internet & Tech
Deyor Camps,Consumer Internet & Tech
FabAlley,E-Commerce
Shoekonnect,E-Commerce
Maya,Consumer Internet & Tech
RoboVac,Consumer Internet & Tech
Newspatrolling,Consumer Internet & Tech
Postman,Consumer Internet & Tech
ISFC,Fintech
BeatRoute,Consumer Internet & Tech
Kidsstoppress,Consumer Internet & Tech
DailyHunt,Consumer Internet & Tech
Tazzo Bikes,Consumer Internet & Tech
MyKindofJob,Consumer Internet & Tech
Yumigo,Consumer Internet & Tech
Rentalpha,Consumer Internet & Tech
3Dexter,Consumer Internet & Tech
BabyChakra,Consumer Internet & Tech
Coppre,E-Commerce
MySUN,Consumer Internet & Tech
ePathsala,Consumer Internet & Tech
Fisdom,Consumer Internet & Tech
Actofit,Consumer Internet & Tech
Stayology,Consumer Internet & Tech
Hipcask,Consumer Internet & Tech
ChatOnGo,Consumer Internet & Tech
Kredx,E-Commerce
CreditMate,Consumer Internet & Tech
Pickrr,Consumer Internet & Tech
SatvaKart,E-Commerce
SooperMO,Consumer Internet & Tech
OrangeTwig,Consumer Internet & Tech
Wooplr,Consumer Internet & Tech
The Kettlery,E-Commerce
Idea Bubbles,Consumer Internet & Tech
Ather Energy,Consumer Internet & Tech
Pikkol,Logistics & Transport
Velmenni,Consumer Internet & Tech
Volta Motors,Consumer Internet & Tech
Cyclops,Consumer Internet & Tech
Impact Analytics,Consumer Internet & Tech
Talent Next,Consumer Internet & Tech
Mihup,Consumer Internet & Tech
Renowala,E-Commerce
Trackbizz,Consumer Internet & Tech
Social Quotient,Consumer Internet & Tech
CheersOye!,Consumer Internet & Tech
Lenskart,E-Commerce
Alternacare,Consumer Internet & Tech
Simplilearn,Edtech
Prozo,E-Commerce
TopRankers,Edtech
BuildTraders,E-Commerce
Byju\\xe2\\x80\\x99s,Edtech
Freshboxx,E-Commerce
CureInstant,Consumer Internet & Tech
Poshtic,Consumer Internet & Tech
KarmaCircles,Consumer Internet & Tech
Purple Style Labs,Consumer Internet & Tech
Inuxu,Consumer Internet & Tech
Glam Studios,Consumer Internet & Tech
Findow,Consumer Internet & Tech
IdeaChakki,Consumer Internet & Tech
ShoeKonnect,E-Commerce
NearBuy,Consumer Internet & Tech
ZeroInfy,Consumer Internet & Tech
Flocareer,Consumer Internet & Tech
LensPick,E-Commerce
infeedo,Consumer Internet & Tech
Furlenco,E-Commerce
GoPigeon,Consumer Internet & Tech
NewsDistill,Consumer Internet & Tech
DoctorInsta,Consumer Internet & Tech
Milofy,Consumer Internet & Tech
Liqvid,Consumer Internet & Tech
Codemojo,Consumer Internet & Tech
JustLikeNew,E-Commerce
JoeHukum,Consumer Internet & Tech
Co Life,Consumer Internet & Tech
PurpleDocs,Consumer Internet & Tech
Pepperfry,E-Commerce
eQuickies,E-Commerce
Gadgetwood,Consumer Internet & Tech
DailyRounds,Consumer Internet & Tech
Flixy Games,Consumer Internet & Tech
HashTaag,Consumer Internet & Tech
PharmaRack,Consumer Internet & Tech
\\xc2\\xa0CloudCherry,Consumer Internet & Tech
Parentlane,Consumer Internet & Tech
First Moms Club,Consumer Internet & Tech
inMotion,Consumer Internet & Tech
Let\xe2\x80\x99s Barter,Consumer Internet & Tech
EvenGini,Consumer Internet & Tech
Canvs,Consumer Internet & Tech
Beardo,E-Commerce
Instacar,Consumer Internet & Tech
Druva,Consumer Internet & Tech
Promon,E-Commerce
Fastudent,E-Commerce
Unocoin,Consumer Internet & Tech
Demyto,Consumer Internet & Tech
Zeta,Consumer Internet & Tech
Kalaage,Consumer Internet & Tech
HealthKart,E-Commerce
RepairEasy,Consumer Internet & Tech
Tokri,Consumer Internet & Tech
Sheroes,Consumer Internet & Tech
Yumlane,Food & Beverage
Xcode,Healthtech
ExtraCarbon,Consumer Internet & Tech
FlickBay,Consumer Internet & Tech
Petoo,Consumer Internet & Tech
lehlehsports,Consumer Internet & Tech
Tricog,Healthtech
VST Travels,Consumer Internet & Tech
AdPushUp,Consumer Internet & Tech
Wefly Indoor Skydiving,Consumer Internet & Tech
Mojarto,E-Commerce
Zipgrid,Consumer Internet & Tech
MobiDent,Healthtech
Zeolr/RespirON,Consumer Internet & Tech
Travelyaari,Consumer Internet & Tech
Genextstudents,Consumer Internet & Tech
Zenoti,Consumer Internet & Tech
Crofarm,Consumer Internet & Tech
Faircent.com,Consumer Internet & Tech
Innovaccer,Consumer Internet & Tech
Cuberoot,Consumer Internet & Tech
Funcastic,Consumer Internet & Tech
Buttercups,E-Commerce
Zappfresh,E-Commerce
OyoRooms,Consumer Internet & Tech
Hike,Consumer Internet & Tech
Joolz,E-Commerce
SaleBhai,E-Commerce
Makkajai,Consumer Internet & Tech
Gradopedia,Consumer Internet & Tech
MaalGaadi,Logistics & Transport
ZiPi,Consumer Internet & Tech
Appknox,Consumer Internet & Tech
Sesame Software,Consumer Internet & Tech
Quikr,Consumer Internet & Tech
Digio,Consumer Internet & Tech
Ziffity,Consumer Internet & Tech
Zzungry,Consumer Internet & Tech
Puro Wellness,Healthtech
TAC Security,Consumer Internet & Tech
Notesgen,Consumer Internet & Tech
NearU,Consumer Internet & Tech
Octo.ai,Consumer Internet & Tech
ShaadiSaga,Consumer Internet & Tech
UnaAcademy,Consumer Internet & Tech
Advenio,Consumer Internet & Tech
Guarented,E-Commerce
Beyond Evolution,Consumer Internet & Tech
Uber Dreams,E-Commerce
Convegenius,Edtech
UrbanLadder,E-Commerce
enCashea,Consumer Internet & Tech
EngineerBabu,Consumer Internet & Tech
Cult,Healthtech
WitWorks,Consumer Internet & Tech
NearFox,Consumer Internet & Tech
ZoomCar,Consumer Internet & Tech
Plix,Consumer Internet & Tech
Mobikwik,Consumer Internet & Tech
MyDidi,Consumer Internet & Tech
CrownIt,Consumer Internet & Tech
LoanTap,Consumer Internet & Tech
Runnr,Consumer Internet & Tech
Zolo,Consumer Internet & Tech
Notion Press,Consumer Internet & Tech
LivSpace,Consumer Internet & Tech
iAugmentor Labs,Consumer Internet & Tech
DayBox,Consumer Internet & Tech
CropIn,Consumer Internet & Tech
Prime Focus Technologies,Consumer Internet & Tech
Flyrobe,E-Commerce
inclov,Consumer Internet & Tech
RazorPay,Consumer Internet & Tech
Venture Catalysts,Consumer Internet & Tech
PressPlay TV,Consumer Internet & Tech
Playment,Consumer Internet & Tech
WealthTrust,Consumer Internet & Tech
Curefit,Consumer Internet & Tech
StitchWood,E-Commerce
Grab.in,Logistics & Transport
Fulfil.IO,Consumer Internet & Tech
NeoGrowth,Fintech
SeeDoc,Consumer Internet & Tech
BookMyShow,Consumer Internet & Tech
HappilyUnmarried,E-Commerce
Don\\xe2\\x80\\x99t Scratch Your Head,Consumer Internet & Tech
Wedding Wishlist,Consumer Internet & Tech
AppDaily,Consumer Internet & Tech
Adytude,Consumer Internet & Tech
Quickli,Logistics & Transport
SpectraVR,Consumer Internet & Tech
Trak N Tell,Consumer Internet & Tech
Overcart.com,E-Commerce
SirionLabs,Consumer Internet & Tech
MintM,Consumer Internet & Tech
HitGrit,Consumer Internet & Tech
Find My Stay,Consumer Internet & Tech
YAAP,Consumer Internet & Tech
Utoo Cabs,Consumer Internet & Tech
Twigly,Consumer Internet & Tech
Urban Tailor,Consumer Internet & Tech
RentMojo,Consumer Internet & Tech
CityFurnish,Consumer Internet & Tech
HEAL Institute,Healthtech
Augrav,E-Commerce
ShoppinPal,Consumer Internet & Tech
TransTutors / AskIITians,Consumer Internet & Tech
WorkApps,Consumer Internet & Tech
BankerBay,Consumer Internet & Tech
BaggOut,E-Commerce
TripShelf,E-Commerce
SatvaCart,E-Commerce
Ridlr,Consumer Internet & Tech
Yellowdig,Consumer Internet & Tech
Zuppler,Consumer Internet & Tech
BlueStone,E-Commerce
underDOGS,Consumer Internet & Tech
ImageProVision,Consumer Internet & Tech
Sagacito,Consumer Internet & Tech
Deal4Loans / Wishfin,Consumer Internet & Tech
NiYO Solutions,Consumer Internet & Tech
AppLop,Consumer Internet & Tech
Tax2Win,Consumer Internet & Tech
Truckola,Logistics & Transport
iServe Financial,Consumer Internet & Tech
MyTaxiIndia,Consumer Internet & Tech
AbeRuk,E-Commerce
Wiwigo,Consumer Internet & Tech
Drums Food,Food & Beverage
Chikoop,Consumer Internet & Tech
BRIDGEi2I,Consumer Internet & Tech
Visit,Consumer Internet & Tech
Atomberg,Consumer Internet & Tech
Coutloot,E-Commerce
Limo,Consumer Internet & Tech
iCliniq,Consumer Internet & Tech
GoGo Truck,Consumer Internet & Tech
Vyome Biosciences,Healthtech
SillyMonks,Consumer Internet & Tech
CueMath,Edtech
Intgrea,Consumer Internet & Tech
HelpShift,Consumer Internet & Tech
CreditVidya,Consumer Internet & Tech
Grey Campus,Consumer Internet & Tech
ListUp,E-Commerce
6Degree,Consumer Internet & Tech
Shopwati,Consumer Internet & Tech
Cookifi,Consumer Internet & Tech
StoreKing,E-Commerce
Wired Hub,Real Estate & PropTech
MySeniorDoctor,Consumer Internet & Tech
Teabox,E-Commerce
ExtraaEdge,Consumer Internet & Tech
EPayLater,Consumer Internet & Tech
Kyazoonga,E-Commerce
Paytunes,Consumer Internet & Tech
Kickstart Jobs,Consumer Internet & Tech
Freshee,Food & Beverage
MadRat Games,Consumer Internet & Tech
Jazzmyride,E-Commerce
AutoSense,Consumer Internet & Tech
Redsun Telematics,Consumer Internet & Tech
KhanaGadi,Consumer Internet & Tech
Bombay Shirt Company,E-Commerce
Matrubharti,Consumer Internet & Tech
EdTechReview,Consumer Internet & Tech
Bonhomia,Food & Beverage
Gobolt,Logistics & Transport
Jivox,Consumer Internet & Tech
Sminq,Consumer Internet & Tech
CureJoy,Consumer Internet & Tech
Oneway.cab,Consumer Internet & Tech
GrabOnRent,E-Commerce
Unnati Helpers,Consumer Internet & Tech
Athletto,Consumer Internet & Tech
Saavn,Consumer Internet & Tech
ThinkPhi,Consumer Internet & Tech
Cleartax,Consumer Internet & Tech
Silvan Innovation Labs,Consumer Internet & Tech
GreytHR,Consumer Internet & Tech
Duffl,E-Commerce
BYG,Consumer Internet & Tech
Dipper,E-Commerce
Qonfuse,Consumer Internet & Tech
The Indian IRIS,Consumer Internet & Tech
Onspoon,Consumer Internet & Tech
REstate,Consumer Internet & Tech
Cleartrip,Consumer Internet & Tech
ProcMart,Consumer Internet & Tech
Celerix,Consumer Internet & Tech
NatureNama,Consumer Internet & Tech
CyclopsMedtech,Consumer Internet & Tech
Syona Cosmetics,Food & Beverage
PrettySecrets,E-Commerce
SpiderG,Consumer Internet & Tech
FarEye,Consumer Internet & Tech
The Uolo,Consumer Internet & Tech
Staqu,Consumer Internet & Tech
Padhopadhao,Consumer Internet & Tech
Drivify,Consumer Internet & Tech
PratiLipi,Consumer Internet & Tech
ParaBlu,Consumer Internet & Tech
Schedulers Logistics,Logistics & Transport
LEAP India,Consumer Internet & Tech
KabadiExpress,Consumer Internet & Tech
YourDost,Consumer Internet & Tech
Gomalon,Consumer Internet & Tech
Voler Cars,Consumer Internet & Tech
FabHotels,Consumer Internet & Tech
Locanix,Consumer Internet & Tech
Hello Tax,Consumer Internet & Tech
MySuperBrain,Consumer Internet & Tech
BlogBeats,Consumer Internet & Tech
LetReach,E-Commerce
TrendieApp,Consumer Internet & Tech
ImpactGuru,Consumer Internet & Tech
Velvetcase,E-Commerce
Meru Cabs,Consumer Internet & Tech
Campus Diaries,Consumer Internet & Tech
Scripbox,Consumer Internet & Tech
Biryani Blues,Food & Beverage
MotoMojo,Consumer Internet & Tech
Prescribez,Consumer Internet & Tech
Airwood,Consumer Internet & Tech
iDreamCareer,Consumer Internet & Tech
Zwayam,Consumer Internet & Tech
BoiBanit,Consumer Internet & Tech
Zuver,Consumer Internet & Tech
Prepathon,Edtech
EasyRoads,Consumer Internet & Tech
Seclore,Consumer Internet & Tech
SolarTown,Consumer Internet & Tech
Comarete,Consumer Internet & Tech
MyDentistChoice,E-Commerce
Indee,Consumer Internet & Tech
WebAlligator,Consumer Internet & Tech
EduAce Services,Edtech
Zebroads,Logistics & Transport
Locus,Consumer Internet & Tech
Toko Innovations,Consumer Internet & Tech
Rentickle,E-Commerce
HealthifyMe,Consumer Internet & Tech
InnoNano Research,Consumer Internet & Tech
SchoolWear,E-Commerce
Zenify,Consumer Internet & Tech
Faircent,Consumer Internet & Tech
Fractal Analytics,Consumer Internet & Tech
Life Circle,Healthtech
Dream Wallets,Consumer Internet & Tech
ShabdNagari,Consumer Internet & Tech
Galleri5,Consumer Internet & Tech
Derbii,Logistics & Transport
StayZilla,Consumer Internet & Tech
WoW Express,Logistics & Transport
Smartivity,E-Commerce
BedBathMore,Consumer Internet & Tech
Murgency,Consumer Internet & Tech
Crownit,Consumer Internet & Tech
Blinge,E-Commerce
TheSmartQ,Consumer Internet & Tech
PurpleHealth,Consumer Internet & Tech
Fundamentor,Edtech
EduPristine,Edtech
BhiveWorkspace,Consumer Internet & Tech
Appie,Consumer Internet & Tech
TaxiVaxi,Consumer Internet & Tech
Veqta,Consumer Internet & Tech
i2ifunding,Consumer Internet & Tech
EduRev,Consumer Internet & Tech
Hoppingo,Consumer Internet & Tech
Eatonomist,Consumer Internet & Tech
Goalwise,Consumer Internet & Tech
Roast,Consumer Internet & Tech
Address Health,Healthtech
Arcatron Mobility,Consumer Internet & Tech
SheThePeople,Consumer Internet & Tech
Consure Medical,Healthtech
mChamp,Consumer Internet & Tech
Pianta,Consumer Internet & Tech
Vahanalytics,Consumer Internet & Tech
Play Your Sport,Consumer Internet & Tech
CCavenue,Consumer Internet & Tech
Tpot,Food & Beverage
MachaDalo,Consumer Internet & Tech
Dil Mil,Consumer Internet & Tech
PicsDream,Consumer Internet & Tech
Process 9,Consumer Internet & Tech
Housing,Consumer Internet & Tech
Roll Mafia,Food & Beverage
Hungama,Consumer Internet & Tech
Highway Delite,Consumer Internet & Tech
Cult Fitness,Healthtech
Haptik,Consumer Internet & Tech
Shipsy,Logistics & Transport
gear6,Consumer Internet & Tech
Truly Social,Consumer Internet & Tech
Vahan,Edtech
imedilane,Consumer Internet & Tech
Living Local,Consumer Internet & Tech
Vegfru,E-Commerce
Oyo,Consumer Internet & Tech
PriceRaja,Consumer Internet & Tech
MagicX,Consumer Internet & Tech
Happydemic,Consumer Internet & Tech
LenDenClub,Fintech
Indi.com,Consumer Internet & Tech
Legalraasta,Consumer Internet & Tech
RainCan,Consumer Internet & Tech
Hippily,E-Commerce
kredX,E-Commerce
Wedwise,Consumer Internet & Tech
BeaconsTalk,Consumer Internet & Tech
Deal 4Loans,Consumer Internet & Tech
RenewBuy,Consumer Internet & Tech
Blue Box Media,Consumer Internet & Tech
Vyomo,Consumer Internet & Tech
Organicshop,E-Commerce
MInd Your Fleet,Consumer Internet & Tech
NestAway,Consumer Internet & Tech
Tapchief,Consumer Internet & Tech
Yufta,E-Commerce
Smytten,E-Commerce
Houssup,Consumer Internet & Tech
Jugnoo,Consumer Internet & Tech
Tork Motocycles,Other
Betaout,E-Commerce
DriversCart,Consumer Internet & Tech
OYOfit,Consumer Internet & Tech
Oliveboard,Consumer Internet & Tech
Simplilearn,Consumer Internet & Tech
Broomberg,Consumer Internet & Tech
m.paani,Consumer Internet & Tech
mishTag,Consumer Internet & Tech
Advanced Structures India,Other
Knolskae,Consumer Internet & Tech
TOKO Innovation Studios,Consumer Internet & Tech
Commut,Consumer Internet & Tech
intouchapp,Consumer Internet & Tech
Dropkaffe,Food & Beverage
Transerv,Consumer Internet & Tech
ClearTax,Consumer Internet & Tech
Roposo,E-Commerce
CareonGO,Consumer Internet & Tech
ICHR,Consumer Internet & Tech
Impact Guru,Consumer Internet & Tech
Gympik,Consumer Internet & Tech
Testbook,Consumer Internet & Tech
IQlect,Consumer Internet & Tech
MoMark,Consumer Internet & Tech
Skedool,Consumer Internet & Tech
Systemantics,Consumer Internet & Tech
Vertuals,Consumer Internet & Tech
Imarticus Learning,Edtech
Shouut,Consumer Internet & Tech
Aahaa,E-Commerce
FTCash,Consumer Internet & Tech
Civilsdaily,Consumer Internet & Tech
Zappka,Consumer Internet & Tech
Tarusa World,E-Commerce
medECUBE,Healthtech
N.O.W,Consumer Internet & Tech
Reach,Consumer Internet & Tech
Vanity Cube,Consumer Internet & Tech
Medidaili,Consumer Internet & Tech
Finomena,Consumer Internet & Tech
Cookaroo,Consumer Internet & Tech
vPhrase Analytics,Consumer Internet & Tech
LoveCycles,Consumer Internet & Tech
Kartrocket,E-Commerce
dunzo,Consumer Internet & Tech
Indiamart,E-Commerce
SmartVizX,Consumer Internet & Tech
MyGubbi,Real Estate & PropTech
Nukkad Shops,Consumer Internet & Tech
Cloudacar,Consumer Internet & Tech
Justride,Consumer Internet & Tech
Yana,Consumer Internet & Tech
Big Fish Ventures,Food & Beverage
Stylflip,E-Commerce
Supplified,E-Commerce
JollyFoodFellow,Consumer Internet & Tech
PinkBlue,E-Commerce
TruckingCube,Logistics & Transport
eSwasthya,Consumer Internet & Tech
FlipClass,Consumer Internet & Tech
Proximit,Consumer Internet & Tech
WithMe,Consumer Internet & Tech
Avagmah,Consumer Internet & Tech
Wealthy,Consumer Internet & Tech
Pramati,Healthtech
Qlivery,Consumer Internet & Tech
HealthEnablr,Consumer Internet & Tech
Liftiee,Consumer Internet & Tech
Hello Curry,Food & Beverage
goSporto,Consumer Internet & Tech
OneClickWash,Consumer Internet & Tech
Girnar Software,Consumer Internet & Tech
Room On Call,Consumer Internet & Tech
DrivoJoy,Consumer Internet & Tech
Smartron,Consumer Internet & Tech
LifCare,Consumer Internet & Tech
CreditSeva,Consumer Internet & Tech
CityShor,Consumer Internet & Tech
Endless Robotics,Consumer Internet & Tech
SP Robotics,Consumer Internet & Tech
eKincare,Consumer Internet & Tech
HashLearn,Consumer Internet & Tech
Wheelstreet,Consumer Internet & Tech
Horntell,Consumer Internet & Tech
Schoolkart,E-Commerce
HealthEminds,Consumer Internet & Tech
Babygogo,Consumer Internet & Tech
Veritas Finance,Fintech
QikShip,Consumer Internet & Tech
FixNix,Consumer Internet & Tech
Touchkin,Healthtech
SwitchMe,Consumer Internet & Tech
Transcell,Healthtech
Blue Tokai Coffee,E-Commerce
Altizone,Consumer Internet & Tech
Oust App,Consumer Internet & Tech
Strike,Consumer Internet & Tech
MaaxMarket,Consumer Internet & Tech
Gamooz,Consumer Internet & Tech
SoundSurround,Consumer Internet & Tech
Mazkara,Consumer Internet & Tech
RoadGods,E-Commerce
Pindropmusic,Consumer Internet & Tech
Woodpie,Consumer Internet & Tech
Perfumery,E-Commerce
Magic Crate,Edtech
ZenDrive,Consumer Internet & Tech
Smartcooky,E-Commerce
Turtlemint,Consumer Internet & Tech
BHIVE,Real Estate & PropTech
Gingercrush,E-Commerce
American Vision,Consumer Internet & Tech
DawaiLelo,Consumer Internet & Tech
LiveNutriFit,Healthtech
iStyleYou,Consumer Internet & Tech
AdUrCup,Consumer Internet & Tech
Weddingz,Consumer Internet & Tech
Urban Dhobi,Consumer Internet & Tech
Gray Routes,Consumer Internet & Tech
Xpressbees,E-Commerce
Invictus Oncology,Healthtech
Inc42,Consumer Internet & Tech
Capzest,Consumer Internet & Tech
GlamStudios,Consumer Internet & Tech
Affimity,Consumer Internet & Tech
Anandakanda,Consumer Internet & Tech
JoulestoWatts,Consumer Internet & Tech
Shopkirana,Consumer Internet & Tech
Stylofie,Consumer Internet & Tech
OyBob,E-Commerce
ActOnMagic,Consumer Internet & Tech
iGrenEnergi,Consumer Internet & Tech
RKSV,Consumer Internet & Tech
Aasaanjobs,Consumer Internet & Tech
Snapdeal,E-Commerce
Snapbizz,Consumer Internet & Tech
GoYaNo,Consumer Internet & Tech
Buddy,Fintech
Legistify,Consumer Internet & Tech
TableHero,Consumer Internet & Tech
BetterPlace,Consumer Internet & Tech
Salebhai,E-Commerce
icustommadeit,E-Commerce
Tring,Consumer Internet & Tech
Timemytask,Consumer Internet & Tech
GameZop,Consumer Internet & Tech
Notary Mama,Consumer Internet & Tech
The Viral Fever,Consumer Internet & Tech
Avanti Learning,Edtech
Bollant Industries,Consumer Internet & Tech
GetVee,Consumer Internet & Tech
HealthKumbh,Consumer Internet & Tech
Unlaze,Consumer Internet & Tech
Tracxn,Consumer Internet & Tech
Careongo,E-Commerce
Ark Robot,Consumer Internet & Tech
Jaypore,E-Commerce
Finance Buddha,Consumer Internet & Tech
AlmaConnect,Consumer Internet & Tech
Advantage Club,Consumer Internet & Tech
LocalRamu,Consumer Internet & Tech
Baby Berry,Consumer Internet & Tech
First Eat,Consumer Internet & Tech
SigTuple,Consumer Internet & Tech
Taskbob,Consumer Internet & Tech
Styledotme,Consumer Internet & Tech
NewsLaundry,Consumer Internet & Tech
CupoNation,Consumer Internet & Tech
Aarav UAV,Consumer Internet & Tech
Sayfix,Consumer Internet & Tech
LoanZen,Consumer Internet & Tech
AppilyEver,Consumer Internet & Tech
Pocketin,Consumer Internet & Tech
FeetApart,Consumer Internet & Tech
CarveNiche,Consumer Internet & Tech
Juspay,Consumer Internet & Tech
Funcart,E-Commerce
Freedom Smart Labs,Consumer Internet & Tech
EduBridge,Consumer Internet & Tech
Nestaway,Consumer Internet & Tech
Hopscotch,E-Commerce
PinClick,Consumer Internet & Tech
Helpi,Consumer Internet & Tech
DogSpot,E-Commerce
Career360,Edtech
B9 Beverages,Food & Beverage
WIMWI Foods,Food & Beverage
MyChild App,Edtech
Instaproc,E-Commerce
360Ride,Consumer Internet & Tech
Alef\\nMobitech,Consumer Internet & Tech
Tracxn,Fintech
Qdesq,Real Estate & PropTech
Sensara,Consumer Internet & Tech
Zebpay,Consumer Internet & Tech
PlanMy\\nMedicalTrip,Healthtech
MyCity4Kids,Edtech
Justdakhila.com,Edtech
PitStop,Consumer Internet & Tech
Bikxie,Consumer Internet & Tech
Infurnia,Consumer Internet & Tech
Myly,Edtech
Melorra,E-Commerce
ConfirmTKT,Consumer Internet & Tech
Gyaanzone,Edtech
FlatFurnish,Consumer Internet & Tech
Lumiere,E-Commerce
Wishup,Consumer Internet & Tech
FreshMenu,Consumer Internet & Tech
SavvyMob,E-Commerce
Fashionablyin,Consumer Internet & Tech
Hike Messenger,Consumer Internet & Tech
iBus Networks,Consumer Internet & Tech
Happy2Refer,Consumer Internet & Tech
CarTrade,Consumer Internet & Tech
Rentomo,Consumer Internet & Tech
Roder,Consumer Internet & Tech
Bucker,Consumer Internet & Tech
Care24,Healthtech
Obino,Healthtech
Snapshopr,Consumer Internet & Tech
Buildkar,E-Commerce
Orahi,Consumer Internet & Tech
Remidio,Healthtech
evibe.in,Consumer Internet & Tech
Jobick,Consumer Internet & Tech
Plick,Consumer Internet & Tech
Voice Friends,Consumer Internet & Tech
Kartrocket,Consumer Internet & Tech
Cashkaro,Consumer Internet & Tech
Gameezop,Consumer Internet & Tech
DailyObjects,E-Commerce
CollegeDunia,Consumer Internet & Tech
Villgro,Fintech
Reddoorz,Consumer Internet & Tech
IndustryBuying,E-Commerce
Just Buy Live,E-Commerce
IMbesharam,E-Commerce
Moodoo,Consumer Internet & Tech
Saral Designs,Healthtech
FirstCry,E-Commerce
Easypolicy,Consumer Internet & Tech
CREO,Consumer Internet & Tech
ShabdaNagari,Consumer Internet & Tech
Little,Consumer Internet & Tech
SnapBizz,E-Commerce
PlexusMD,Consumer Internet & Tech
Silvan,Consumer Internet & Tech
EPS,Consumer Internet & Tech
Gajty,Healthtech
SIFTR Labs,Consumer Internet & Tech
Power2SME,Consumer Internet & Tech
SkyCandle,E-Commerce
Teabox.com,E-Commerce
Buildzar,E-Commerce
Applicate,Consumer Internet & Tech
WhatsOnRent,E-Commerce
Zebi (yet to launch),Consumer Internet & Tech
Truce,Food & Beverage
JustDoc,Consumer Internet & Tech
Myeglu,Consumer Internet & Tech
BitGiving,Consumer Internet & Tech
Truebil,E-Commerce
Rare Media,Consumer Internet & Tech
TinMen,Consumer Internet & Tech
CodingLabs,Consumer Internet & Tech
FindUrClass,Consumer Internet & Tech
DesignBids,Consumer Internet & Tech
CollegeDekho,Edtech
Black White Orange Brands,Media & Entertainment
Biteclub,Food & Beverage
Patel Logistics,Logistics & Transport
Wigzo,SaaS & Enterprise Tech
Zapluk,Healthtech
Godof Hospitals,Healthtech
RoomsTonite,Travel & Hospitality
Kaaryah,Fashion & Lifestyle
Anakage,Edtech
EasyKhaana,Food & Beverage
Eckovation,Edtech
Fitcircle,Social & Community
Applop,Other
CaRPM,Other
NDTV Wedding portal,E-Commerce
Splitkart,Other
Zenatix,SaaS & Enterprise Tech
Customfurnish,E-Commerce
Vlurn,Edtech
Leaf Wearables,IoT & Hardware
Coolshare,Logistics & Transport
mFicient,SaaS & Enterprise Tech
HeyBiz,E-Commerce
Yumist,Food & Beverage
Jigsaw Academy,Edtech
JoeHukum,Other
Voxweb,Other
JumboBasket,E-Commerce
HomeStudio,E-Commerce
PropheSee,SaaS & Enterprise Tech
i2e1,Other
Holisol Logistics,Logistics & Transport
Stay Simple Resorts,Travel & Hospitality
Paynear,Other
Chillr,Other
EureQa,SaaS & Enterprise Tech
LocalCircles,Other
GetFocus,Other
UrbanClap,Logistics & Transport
OnlineRTI,Other
Powerstores,E-Commerce
Weddingz.in,E-Commerce
Intelligent Interfaces,Other
Capricoast,E-Commerce
JetSetGo,E-Commerce
Cabsguru,Logistics & Transport
Whoop,Other
BookEventz,Other
Deal Street Asia,Media & Entertainment
Streamoid,Other
Housejoy,E-Commerce
Bluebirch,Logistics & Transport
MeraDoctor,Healthtech
STAGE 3,Other
Springboard,Edtech
Eatfresh,E-Commerce
Ampere Vehicles,CleanTech & Energy
Focus Digit,E-Commerce
The News Minute,Media & Entertainment
CBREX,HR & Recruitment
TruckMandi,E-Commerce
Peppertap,Food & Beverage
KOOH Sports,Edtech
Industrybuying,E-Commerce
Zapr,Other
LatestOne,Other
PlanetGogo,Media & Entertainment
Arya.ai,SaaS & Enterprise Tech
Doctor Insta,Healthtech
MobieFit,Other
LafaLafa,Other
Mech Mocha,Other
Shotang.com,E-Commerce
CityFurnish,Real Estate & PropTech
Black White Orange,B2B & Industrial
Kolabro,Real Estate & PropTech
Canvera,Other
Town Essentials,Food & Beverage
Bumper,Other
Hotify,Other
MobiKwik,Fintech
Twigly,Food & Beverage
CityFlo,Real Estate & PropTech
Findyahan,Logistics & Transport
Sabse,SaaS & Enterprise Tech
Pokkt,Other
oibanit,E-Commerce
Stuffed,Food & Beverage
LoanBaba,E-Commerce
Deyor Rooms,Travel & Hospitality
Bidgely,CleanTech & Energy
Paytunes,Other
YourDOST,Other
BookMyBai,Other
MyIndianStay,Real Estate & PropTech
Bobble,Other
RepUp,Other
Satvacart,Food & Beverage
POPxo.com,Media & Entertainment
SparesHub,E-Commerce
Explara,Other
Soothe Healthcare,Healthtech
Yuvi Hospitality,Food & Beverage
AppVirality,Other
iStar Skill Development,Edtech
BigStylist.com,E-Commerce
Didi,Other
Skoov.com,E-Commerce
Chefs Basket,Food & Beverage
Gingercrush,Other
Delight Foods,Food & Beverage
6Degree,Fashion & Lifestyle
Grab,Logistics & Transport
Hitwicket,Other
Flashdoor,Other
Cashkaro.com,E-Commerce
Absentia,IoT & Hardware
Renowala,Other
TaskBucks,E-Commerce
CraftsVilla,E-Commerce
Julia Computing,AI & Data
StyleTag,E-Commerce
Smytten,Other
BiBox,Other
Ola,E-Commerce
Goodbox,Other
ScoopWhoop,Media & Entertainment
Hipship,Logistics & Transport
Pickrr,Logistics & Transport
Truelancer,E-Commerce
AHA Taxis,Logistics & Transport
UrbanClap,E-Commerce
SenseGiz,IoT & Hardware
PlaceofOrigin,E-Commerce
Fourseven,E-Commerce
MindTickle,SaaS & Enterprise Tech
Shopsense,E-Commerce
Medinfi,Healthtech
OUWT,Other
HeyPillow,E-Commerce
Healers At Home,Healthtech
Caravan Craft,E-Commerce
Talkoot,Social & Community
RentoMojo,Real Estate & PropTech
Medikoe,Healthtech
Stylofie,E-Commerce
ServX,B2B & Industrial
Naaptol,E-Commerce
Crayon Data,SaaS & Enterprise Tech
EarlySalary.com,Fintech
Tooler,Other
S Chand,Edtech
Stelae,SaaS & Enterprise Tech
GoQii,Other
Grofers,Food & Beverage
Pluss,Healthtech
KountMoney,E-Commerce
StayGlad,Fashion & Lifestyle
JustRide,Real Estate & PropTech
LearnOn,Edtech
Talentrack,E-Commerce
M-TAXI,Logistics & Transport
Baxi,Logistics & Transport
Superhero Brands,Other
MoMagic,Other
QikPod,E-Commerce
Butterfly Interactive,E-Commerce
Bro4U,Logistics & Transport
Indifi,Fintech
EasyFix,E-Commerce
Muvizz,Other
Abhibus,Logistics & Transport
Cleartax,Other
Shopalyst,Other
Chillr,Fintech
Voylla,E-Commerce
IndiaLends,Fintech
Rock N Shop,E-Commerce
DocPlexus,Healthtech
WorkIndia,HR & Recruitment
SportzVillage,Edtech
SportyBeans,Edtech
Welcome Cure,Other
SchoolGuru,Edtech
Naturally Yours,E-Commerce
GoJavas,Logistics & Transport
Scandid,Other
StalkBuyLove,Media & Entertainment
ZuperMeal,E-Commerce
Cube26,Other
Mobikon,SaaS & Enterprise Tech
Grabhouse,Real Estate & PropTech
Quifers,Logistics & Transport
Stockroom.io,Other
Curofy,Healthtech
Cloud Lending,Fintech
Inayo,E-Commerce
WoNoBo,Other
Kulzy,Media & Entertainment
Zeppery,Food & Beverage
Zify,Logistics & Transport
Faircent,E-Commerce
Gridle,SaaS & Enterprise Tech
Tripoto,Travel & Hospitality
Mubble,Other
Voodoo,E-Commerce
Lookup,Social & Community
AskMyGift,Other
Gaana.com,Media & Entertainment
GymTrekker,Other
Bounty App,Other
Homers.in,Real Estate & PropTech
mShipper,Logistics & Transport
BolRealty,Real Estate & PropTech
S-Cube Futuretech,SaaS & Enterprise Tech
LetsVenture,E-Commerce
Citrus Payment,Fintech
Holidify,Travel & Hospitality
PrimaSeller,SaaS & Enterprise Tech
Opinio,Logistics & Transport
Attune Technologies,Healthtech
iChef.in,Food & Beverage
Jiyo Natural,Healthtech
AgentDesks,SaaS & Enterprise Tech
White Owl Brewery,Other
MealHopper,E-Commerce
Zenify.in,Real Estate & PropTech
Stockal,Fintech
Medd,Healthtech
Leaping Caravan,Food & Beverage
Frsh,Food & Beverage
Qik Stay,Travel & Hospitality
Parcelled,Logistics & Transport
AlmaMapper,Social & Community
Flexing It,E-Commerce
Netmeds.com,Healthtech
Razorpay,Fintech
Jombay,SaaS & Enterprise Tech
Happitoo,Other
Roadrunnr,Logistics & Transport
Simpli5d,Other
ORIGA Leasing,Other
Smartivity.in,Edtech
UrDoorStep,Food & Beverage
Tavaga,Fintech
ZopHop,Other
Niki.ai,E-Commerce
Instavans,Logistics & Transport
LiftO,Logistics & Transport
TinyOwl,Food & Beverage
Toppr.com,Edtech
Kleeto,Other
BeaconsTalk,Media & Entertainment
Jugnoo,Other
TOFlo,Fintech
FXMartIndia,Fintech
Stylecracker,Other
Luxuryhues,E-Commerce
HolaChef,Food & Beverage
Zivame,E-Commerce
Capillary Tech,SaaS & Enterprise Tech
Jobspire,HR & Recruitment
Vistaar Finance,Fintech
HiJinny,E-Commerce
Clapsnslaps,Other
Blubox,E-Commerce
RoomCentral,SaaS & Enterprise Tech
YouthKiAwaaz,Media & Entertainment
Sahayog Dairy,Other
MockBank,Other
ReportBee,Edtech
GuruG Learning,Other
OnlineTyari,Other
The/Nudge Foundation,Other
FitMeIn,Other
Envoged,E-Commerce
Renomania,Real Estate & PropTech
CredR,E-Commerce
YatraGenie,Logistics & Transport
CanvasFlip,Other
Shadowfax,Logistics & Transport
UE Life Sciences,Other
Coverfox,Fintech
MoEngage,SaaS & Enterprise Tech
Tea Trails,Other
Room on Call,E-Commerce
FYNE,E-Commerce
ChaiPoint,Food & Beverage
WedmeGood.com,Other
XSTOK,E-Commerce
UniLog,E-Commerce
Paintcollar,E-Commerce
Bueno,Food & Beverage
Plabro,Real Estate & PropTech
CureJoy,Healthtech
Briston Technomach,IoT & Hardware
LabStreet,Healthtech
DailyNinja,Logistics & Transport
Portea Medical,Healthtech
Neotrade Analytics,Fintech
DishCo,Food & Beverage
ConnectAbank,Fintech
VillFarm,AgriTech
Bestdealfinance,Fintech
GameXS.in,E-Commerce
The Man Company,E-Commerce
Virtual Logic,IoT & Hardware
Furdo,Real Estate & PropTech
LogiNext,Logistics & Transport
Korra,Fashion & Lifestyle
Credihealth,Healthtech
Amigobulls,Fintech
SilverPush,IoT & Hardware
Juggernaut,Media & Entertainment
InnerChef,Food & Beverage
Quintype,Media & Entertainment
Capabiliti,Other
Fourth Partner Energy,CleanTech & Energy
Licious,Other
TravelKhana,Food & Beverage
Inmobi,Media & Entertainment
Hugefly,E-Commerce
Brigge,Social & Community
Zakoopi,Fashion & Lifestyle
LoanCircle,E-Commerce
Infoworks,AI & Data
RedDoorz,Real Estate & PropTech
FirstTouch,Other
Eywa Media,Other
Ressy,Food & Beverage
Cuelearn,Edtech
Connect India,E-Commerce
The Home Salon,Healthtech
Jusride,Real Estate & PropTech
Oyorooms,Real Estate & PropTech
Glowship,E-Commerce
Wizrocket,SaaS & Enterprise Tech
Pickingo,Logistics & Transport
Grex,Other
Zo Rooms,Travel & Hospitality
Doormint,Logistics & Transport
NightStay,Travel & Hospitality
Zocalo,Real Estate & PropTech
Sunday Realty Solutions,Real Estate & PropTech
Klozee,Real Estate & PropTech
Appvigil,Other
practo,Healthtech
LoudShout,Other
Wetravelsolo,Travel & Hospitality
Ketto,Other
Ezetap,Other
NDTV ecommerce venture,E-Commerce
Carl\\xe2\\x80\\x99s Jr,Food & Beverage
EasyRewardz,Other
GIBSS,CleanTech & Energy
StoreMore.in,Fashion & Lifestyle
MyTaxiIndia,Logistics & Transport
eSadar,E-Commerce
Actionable Analytics,Edtech
MyPoolin,Social & Community
NearBuy (previously\\xc2\\xa0 groupon India),E-Commerce
Inkmonk,E-Commerce
ToneTag,Fintech
Grey Orange,Real Estate & PropTech
Livspace,Real Estate & PropTech
WOW! MOMO,Food & Beverage
RainCan,Food & Beverage
Allygrow Technologies,B2B & Industrial
Infogain,Other
OneAssist,Fintech
BigBasket,Food & Beverage
Sheroes,HR & Recruitment
Scripbox,Fintech
etaout,E-Commerce
IFMR Holdings,Fintech
Massblurb,SaaS & Enterprise Tech
Agrostar,AgriTech
VoxWeb,Other
Trukky,Logistics & Transport
VanityCube,Fashion & Lifestyle
Edu4Share,Edtech
YourStory,Other
Sampurnearth,CleanTech & Energy
Orobind,Edtech
Fixy,Other
MSM Box,Fashion & Lifestyle
ShadowFax,Logistics & Transport
Gadgets 360,E-Commerce
Roposo,Fashion & Lifestyle
IntelligenceNODE,SaaS & Enterprise Tech
HyperVerge,Edtech
Twyst,Other
IDfy,Other
Zoojoo.be,Healthtech
Fashionove,Fashion & Lifestyle
TimeSaverz,Logistics & Transport
Envoged,Fashion & Lifestyle
MebelKart,E-Commerce
LabsAdvisor,E-Commerce
Flatpebble,E-Commerce
Bluegape.com,Other
ePoise,HR & Recruitment
Jolly Food Fellow,Food & Beverage
BookMeIn,Other
iZofy,Other
rBus,Other
Qyk App,Other
EazyDiner,Food & Beverage
RevX,SaaS & Enterprise Tech
ICustomMadeIt,E-Commerce
PickMyLaundry,Other
Belita,Fashion & Lifestyle
EzySolare,E-Commerce
FoodTalkIndia,Food & Beverage
InstaSafe,SaaS & Enterprise Tech
Eazy Coach,E-Commerce
Djubo.com,SaaS & Enterprise Tech
BetterButter.in,Food & Beverage
Vyomo,E-Commerce
RollMafia,Food & Beverage
iamwire,Media & Entertainment
DropKaffe,Logistics & Transport
Reverie,SaaS & Enterprise Tech
Infinite Analytics,AI & Data
Retigence Technologies,Other
Cloudcherry Analytics,SaaS & Enterprise Tech
HandyHome,Logistics & Transport
iDreamCareer,Edtech
NxtGen,Other
BankBazaar,Fintech
Gozoomo,E-Commerce
Zenatix,IoT & Hardware
CultureAlley,Edtech
Goqii,E-Commerce
Elanic,E-Commerce
Stitchwood,E-Commerce
Urban Tailor,Other
ConfirmtTkt,Other
Paper Boat,Food & Beverage
getNow,E-Commerce
Wudstay,Real Estate & PropTech
Liases Foras,Real Estate & PropTech
Eatlo,Food & Beverage
Quinto,Food & Beverage
Saavn,Media & Entertainment
Flytxt,SaaS & Enterprise Tech
Axtria,SaaS & Enterprise Tech
33Coupons,Other
Ampere,CleanTech & Energy
Hopping Chef,Food & Beverage
Collectabillia,Media & Entertainment
Lybrate,Healthtech
Zoomcar,Real Estate & PropTech
\\xc2\\xa0News in shorts,Media & Entertainment
\\xc2\\xa0Bluestone,Fashion & Lifestyle
\\xc2\\xa0Shopsity,Fashion & Lifestyle
\\xc2\\xa0Notesgen,E-Commerce
\\xc2\\xa0Infinity Assurance,Other
\\xc2\\xa0Footprints Education,Edtech
\\xc2\\xa0Loylty Rewards,Other
\\xc2\\xa0Ameyo,SaaS & Enterprise Tech
\\xc2\\xa0Mamagoto,Food & Beverage
\\xc2\\xa0Satvacart,Food & Beverage
MySmartPrice,Other
Zenify,Real Estate & PropTech
Boxmyspace,Other
HackerRank,HR & Recruitment
WickedRide,Real Estate & PropTech
WoWexpress,Logistics & Transport
Oyo Rooms,Real Estate & PropTech
Mobikon,Food & Beverage
InstaLively.com,Media & Entertainment
QuikWallet,Fintech
Omnikart,E-Commerce
Innoviti,Fintech
ZenRadius,HR & Recruitment
Joy by nature,E-Commerce
Iqlect,SaaS & Enterprise Tech
deGustibus,Food & Beverage
Nestaway,Real Estate & PropTech
Mswipe,Fintech
Myonsto,Other
iCrushiFlush,Social & Community
HolidayIQ,Travel & Hospitality
Fitternity,E-Commerce
Quikr,Other
BroEx,Real Estate & PropTech
Shopatplaces,Fashion & Lifestyle
ManageMySpa,SaaS & Enterprise Tech
Townrush,Logistics & Transport
Locus,Logistics & Transport
Bevy,HR & Recruitment
Flipkart.com,E-Commerce
Opinio,Food & Beverage
Zimmber,Logistics & Transport
trueHb,Healthtech
Zovi.com / Little App,E-Commerce
Swajal,Other
Pipa Bella,Fashion & Lifestyle
Pragmatix,Other
Droom.in,E-Commerce
MadRat Games,Edtech
Noodle Play,Food & Beverage
Wassup,Other
Cartisan,Other
LazyLad,Food & Beverage
TripFactory,Travel & Hospitality
Prothom,Other
Bona Vita,Travel & Hospitality
Vyomo,Healthtech
Veeba Foods,Healthtech
Meritnation,Edtech
Eattreatonline,Healthtech
Glamrs,Media & Entertainment
Proviera,IoT & Hardware
Arth DesignBuild,Other
Saama,AI & Data
AllIzHealth,Healthtech
Entropy Innovations,B2B & Industrial
Propstack,SaaS & Enterprise Tech
MyTaxiIndia,Real Estate & PropTech
Arkin Net,SaaS & Enterprise Tech
Little Black Book Delhi,Fashion & Lifestyle
MyPoolin,Fintech
iCustomadeit,E-Commerce
KAARYAH,E-Commerce
Vidooly,SaaS & Enterprise Tech
Zopper,E-Commerce
kWatt Solutions,CleanTech & Energy
Jugnoo,B2B & Industrial
PosterGully,E-Commerce
Applied Solar Technologies,CleanTech & Energy
PayMango,Other
Printland,Other
Teritree,Media & Entertainment
AdStringO,SaaS & Enterprise Tech
Faircent.com,Fintech
La Renon,Healthtech
Homelane,Other
iSTAR,Edtech
Shippr,Logistics & Transport
FoodAbhi,Food & Beverage
Karma Recycling,Other
CouponRaja,Other
Babychakra,Other
Jiffstore,Food & Beverage
MyDentist,Healthtech
Moovo,Logistics & Transport
Fracktal Works,IoT & Hardware
Hansa Customer Equity,Other
CAKART.in,E-Commerce
FundsIndia.com,Fintech
Cupick,Social & Community
Tracxn,Other
Holachef,Food & Beverage
elong,HR & Recruitment
Ixigo,Travel & Hospitality
SkillAngels,Other
Vidgyor,Media & Entertainment
Banihal,Other
Goodservice,Other
Treebo,Travel & Hospitality
EduKart,E-Commerce
Healthians.com,Healthtech
LabInApp,Edtech
Syona Cosmetics,Healthtech
Sigrid Education,Edtech
Indix,SaaS & Enterprise Tech
The Porter,Logistics & Transport
Retention.ai,SaaS & Enterprise Tech
Fusion Microfinance,Fintech
Zinka,Logistics & Transport
CreditMantri,Fintech
GetMyPeon,Logistics & Transport
StayGlad,E-Commerce
AdWyze,SaaS & Enterprise Tech
Buttercups,Fashion & Lifestyle
RailYatri,Other
aagaar.com,Food & Beverage
Flatchat,Real Estate & PropTech
MyCFO,Fintech
Foodpanda,Food & Beverage
Termsheet,Other
Applicate,SaaS & Enterprise Tech
SpoonJoy,Food & Beverage
Seed Schools,Edtech
Ignis Careers,HR & Recruitment
Square Yards,Real Estate & PropTech
Fintellix,Fintech
Customer360,Other
Delhivery,E-Commerce
Box8,Food & Beverage
BuyHatke,Other
KleverKid,Edtech
Uniken,Other
GrandOpinion,Healthtech
ZapStitch,SaaS & Enterprise Tech
Mobiefit,Other
Plancess,Edtech
WorkHorse,Other
Innovaccer,AI & Data
MyCuteOffice,Real Estate & PropTech
IndianRoots.com,E-Commerce
RedPolka,Fashion & Lifestyle
Venturesity,Edtech
TheBetterIndia.com,Media & Entertainment
Awaaz De,SaaS & Enterprise Tech
Chaayos,Other
Akosha,Social & Community
Cooey,Healthtech
MeetUniv,Edtech
Inspirock,Travel & Hospitality
Crown-it,E-Commerce
Trucksfirst,Logistics & Transport
SunTerrace,CleanTech & Energy
\\xc2\\xa0Nudgespot,Other
CarDekho,Other
EveningFlavors,Other
ZenParent,Media & Entertainment
Newgen Payments,Fintech
UrbanPro,E-Commerce
Goodbox,Social & Community
Renderlogy,Real Estate & PropTech
Postman,Other
Casa2inns,Travel & Hospitality
FleetRover,Logistics & Transport
TheKarrier,Logistics & Transport
Truweight,Other
Ather Energy,CleanTech & Energy
Bluegape,Media & Entertainment
KeepTrax,Other
InstaLively,Media & Entertainment
Pricejugaad,Other
Quikr,E-Commerce
PressPlay,Travel & Hospitality
FirstCry.com,E-Commerce
Olacabs,Logistics & Transport
Gadgetwood,IoT & Hardware
Changer Mints,Fintech
Purple Squirrel,Edtech
Whatfix,Other
iMMi Life,Healthtech
ZopNow,Other
Nayi Disha,Edtech
Commeasure,Travel & Hospitality
Capricoast,Food & Beverage
LocalOye,Other
PepperTap,Food & Beverage
PolicyBazaar,Other
Taskbob,Other
Robosoft,Other
Doormint,Other
Pastiwala,Other
1mg (Healthkartplus),Healthtech
Freshdesk,Other
Sulekha.com,E-Commerce
FindYahan,E-Commerce
Eat.Shop.Love,E-Commerce
Simplilearn,Other
Craftstvilla,E-Commerce
HeadOut,E-Commerce
happay,Other
Jugnoo,Logistics & Transport
Phone Warrior,Fashion & Lifestyle
Torqus,Food & Beverage
Grab,Food & Beverage
LogicRoots,Edtech
GIBBS,CleanTech & Energy
Babajobs,HR & Recruitment
Jay Robotix,Edtech
Naaptol.com,E-Commerce
ReGlobe,Other
Icertis,SaaS & Enterprise Tech
Tracxn,SaaS & Enterprise Tech
Dazo,Food & Beverage
Tradelab,Fintech
PiQube,SaaS & Enterprise Tech
Travel Triangle,E-Commerce
