startup,city
BYJU’S,Bangalore
Shuttl,Gurgaon
Mamaearth,Bangalore
https://www.wealthbucket.in/,Delhi
Fashor,Mumbai
Pando,Chennai
Zomato,Gurgaon
Ecozen,Pune
CarDekho,Gurgaon
Dhruva Space,Bangalore
Rivigo,Gurgaon
Healthians,Bangalore
Licious,Bangalore
InCred,Mumbai
Trell,Bangalore
Rein Games,Noida
Lenskart.com,Faridabad
Freshworks,San Francisco
Misters,Gurgaon
Sunstone Eduversity Pvt. Ltd,Gurgaon
Burger Singh,Gurgaon
Ninjacart,Bangalore
Aye Finance,Gurgaon
SuperGaming,Pune
Clumio,San Jose
eBikeGo,Amritsar
Digital Mall Asia,Delhi
Medikabazaar,Mumbai
Vogo Automotive,Bangalore
Furtados School of Music,Tulangan
Paytm,Noida
Dunzo,Bangalore
Udaan,Bangalore
The Man Company,Gurgaon
FPL Technologies,Pune
Cashflo,Mumbai
Digital F5,Mumbai
3rdFlix,Hyderabad
75F,Burnsville
Myelin Foundry,Bangalore
Atomberg Technology,Mumbai
GOQii,Menlo Park
Vyapar App,Bangalore
Progcap,Delhi
MyPetrolPump,Bangalore
Alteria Capital,Mumbai
Pine Labs,Noida
Meesho,Bangalore
Cars24,Gurgaon
Uniphore,Palo Alto
Zendrive,San Francisco
Lo! Foods,Bangalore
Tala,Santa Monica
INDwealth,Gurgaon
HungerBox,Bangalore
AdmitKard,Noida
Mishry Reviews,Gurgaon
Grofers,Gurgaon
Rapido Bike Taxi,Bangalore
RenewBuy,Gurgaon
Atlan,Singapore
WizCounsel,Delhi
Ola Cabs,Bangalore
Daalchini Technologies,Delhi
"""BYJU\\'S""",Bangalore
Moglix,Singapore
Ezyhaul,Singapore
Indus OS,Mumbai
HealthAssure,Mumbai
House of Msasaba,Mumbai
Board Infinity,Mumbai
NoBroker,Bangalore
Bira91,Delhi
FabHotels,Gurgaon
Avail Finance,Bangalore
BharatPe,Delhi
Recykal,Hyderabad
Agara Labs,Bangalore
Sistema.bio,Nairobi
Chakr Innovation,Delhi
Pratilipi,Bangalore
Bolo App,Bangalore
OkCredit,Gurgaon
Biz2Credit,New York
Vogo Automotive Pvt. Ltd.,Bangalore
Leegality,Mumbai
Ola Electric,Bangalore
Saahas Zero Waste,Bangalore
StyleDotMe,Delhi
BlackBuck,Bangalore
Zenoti,Hyderabad
Ather Energy,Bangalore
FreshVnF,Mumbai
GlowRoad,Bangalore
Kuvera,Bangalore
Medlife,Bangalore
Kabadiwala,Bhopal
Tripoto,Delhi
Azah,Gurgaon
Setu,Bangalore
Toppr,Mumbai
Craftsvilla,Mumbai
Unacademy,Bangalore
CleverTap,Mumbai
My Healthcare,Bangalore
KrazyBee,Bangalore
Increff,Bangalore
FleetX,Gurgaon
NanoClean Global,Delhi
OyoRooms,Gurgaon
Samunnati Financial Intermediation & Services Pvt. Ltd,Chennai
Manch,Delhi
UrbanClap Technologies Pvt. Ltd,Delhi
Guiddoo,Mumbai
Career Anna,Gurgaon
Nagpur Wholesale,Nagpur
ShopKirana,Indore
BuildSupply,Gurgaon
GoDesi,Bangalore
Veritas Finance Ltd.,Chennai
Mobile Premier League,Bangalore
A&R Bon Vivants,Jaipur
Blackbuck,New York
MilkBAsket,Delhi
DriveU,Bangalore
CleanseCar,Bangalore
Automation Anywhere,California
HealthifyMe,Bangalore
Genius Corner,Noida
Aavishkaar-Intellecap Group,Mumbai
Skillbox,Gurgaon
Signzy,Mumbai
Roposo,Delhi
Northmist,Delhi
Origo Commodities India Pvt. Ltd,Hyderabad
Grover Zampa,Mumbai
Droom,Gurgaon
Innov8,Delhi
LetsTransport,Bangalore
Netmeds,Chennai
Daily hunt,Bangalore
3HCare,Delhi
HappyGoEasy,Gurgaon
Nykaa,Mumbai
Mad Street Den,Chennai
Dream11,Mumbai
MamaEarth,Gurgaon
AutoGrid,Bangalore
Pharmeasy,Mumbai
Upwards,Mumbai
Kissht,Mumbai
dishq,Bangalore
HealthFin,Pune
Samosa Labs,Hyderabad
ZiffyHomes,Gurgaon
My OmNamo,Mumbai
ShopX,Bangalore
MakeMyTrip,Gurgaon
Hansel io,Bangalore
Metro Bikes,Bangalore
Phone Pe,Bangalore
quizizz,Bangalore
Happy EMI,Bangalore
Inthree,Chennai
Observe AI,Bangalore
Enakshi,Ahmedabad
EazyDiner,Gurgaon
Finzy,Bangalore
RawPressery,Mumbai
Pi Ventures,Bangalore
Revv,Gurgaon
ZestMoney,Bangalore
Shubh Loans,Bangalore
MyUpchar,Delhi
Narvar,Bangalore
True North,Mumbai
Leena AI,Gurgaon
Biryani By Kilo,Gurgaon
Anchanto,Pune
Loan Tap,Mumbai
PolicyBazaar,Gurgaon
zippserv,Bangalore
Groww,Bangalore
Avenue Growth,Gurgaon
iNICU,Delhi
Kinara Capital,Bangalore
Shop 101,Mumbai
Sambandh,Rourkela
19th mile,Gurgaon
5th Vital,Bangalore
MEngage,Jaipur
Ofbusiness,Gurgaon
The Ken,Bangalore
Book My Show,Mumbai
HousingMan,Bangalore
PaySense,Mumbai
Yulu Bikes,Bangalore
VTION,Gurgaon
Log9 Materials,Bangalore
kidovators,Bangalore
Digit,Pune
Black Soil,Mumbai
iqlect,Bangalore
Entropik,Bangalore
Bitla Software,Bangalore
TheCapitalNet,Hyderabad
Cure Fit,Bangalore
Five Star Group,Chennai
Healthsignz,Hyderabad
CoinTribe,Gurgaon
Digiconectt,Bangalore
Kashmir Box,Srinagar
Crowdera,Nagpur
Zoctr,Mumbai
Annapurna Finance,Bhubaneswar
AyeFinance,Gurgaon
Theranosis,Hyderabad
Alpha Capital,Mumbai
eshakti,Chennai
Daily Ninja,Bangalore
NirogStreet,Gurgaon
Nivesh,Noida
What\\xe2\\x80\\x99s Up Life,Gurgaon
HomeLane,Bangalore
Network Intelligence,Mumbai
Tynor Othontics,Chandigarh
Elucidata,Delhi & Cambridge
Chrysalis,Pune
RentSher,Bangalore
Drip capital,Mumbai
WickedRide,Bangalore
HipBar,Bangalore
Sqqrl,Gurgaon
Sigtuple,Bangalore
Wow Express,Mumbai
Front Desk AI,Bangalore
Edureka,Bangalore
Numeroseven,Kolkata
OpenTap,Chennai
Bizongo,Mumbai
Disprz,Chennai
PaisaDukan,Mumbai
i3sysytems,Mumbai
Earth Food,Pune
mfine,Bangalore
Rocketium,Bangalore
MilkBasket,Gurgaon
Vola,Bangalore
Cashkumar,Bangalore
Edyoo,Bangalore
Aashiyaan,Kolkata
Smartivity,Delhi
Bonphulapl,Delhi
Acko,Mumbai
HWell24,Mumbai
Toffee,Gurgaon
Tonetag,Bangalore
Events High,Bangalore
Stellaps,Bangalore
Credright,Hyderabad
Fitternity,Mumbai
Synctag,Coimbatore
Benepik,Gurgaon
Varthana,Bangalore
IndigoLearn,Hyderabad
Vedantu,Bangalore
Kaleidofin,Chennai
Pipabella,Mumbai
Elemential,Mumbai
Kriger Campus,Delhi
Loanzen,Bangalore
TravelTriangle,Gurgaon
Letsmd,Delhi
mintifi,Mumbai
icanstay,Delhi
Pregbuddy,Bangalore
Coverfox,Mumbai
Lenskart,Faridabad
mamaearth,Gurgaon
Fyle Technologies,Bangalore
True Balance,Gurgaon
Visit,Delhi
Doxper,Mumbai
Mihuru,Mumbai
Capital Float,Bangalore
Trip shelf,Delhi
POPxo,Delhi
RailYatri,Noida
1mg,Gurgaon
Rubique,Mumbai
Samco,Mumbai
MyLoanCare,Gurgaon
PharmEasy,Mumbai
Buddy4studdy,Noida
Urban Ladder,Bangalore
Gramophone,Indore
Wellthy,Mumbai
MedGenome,Bangalore
Finova Capital,Jaipur
Hotelogix,Noida
Livehealth,Pune
Ad2pro,Chennai
Pepperfry,Mumbai
Magicpin,Gurgaon
HealthCare,Mumbai
PineLabs,Mumbai
Stumagz,Hyderabad
AvailFinance,Bangalore
Fingerlix,Mumbai
Karma Healthcare,Udaipur
Zappfresh,Gurgaon
CustomerSucessBox,Gurgaon
GigIndia,Pune
Chargebee,Chennai
i2i Funding,Noida
Slang Labs,Bangalore
UrbanPiper,Bangalore
Cash Suvidha,Delhi
Roadcast,Delhi
Smartcoin,Bangalore
The Print,Delhi
Fynd,Mumbai
BigBasket,Bangalore
Asia Institute Of Medical Science,Faridabad
CollegeDekho,Gurgaon
Foodmemories,Ahmedabad
Healthi,Bangalore
Swiggy,Bangalore
Shape,Pune
Icertis,Pune
healthifyme,Bangalore
MedTel,Bhubaneswar
Rupeek,Bangalore
WebEngage,Mumbai
Lendingkart,Bangalore
Wydr,Gurgaon
Cashify,Gurgaon
holachef,Mumbai
Awaaz De,Ahmedabad
IMAX Program,Bangalore
Littlemore,Chennai
Shirsa Labs,Mumbai
MoneyOnMobile,Mumbai
PetSutra,Gurgaon
Infibeam,Ahmedabad
happay,Bangalore
Fincash,Mumbai
Agricxlab,Mumbai
Capillary,Bangalore
The Healthy Billions,Gurgaon
HighRadius,Hyderabad
Avishkaar Box,Delhi
Planys Technologies,Chennai
Lollypop,Bangalore
Trilyo,Mumbai
Gaana,Gurgaon
Credy,Bangalore
Predible Health,Bangalore
EarlySalary,Pune
WOTU,Bangalore
DAAKI,Bangalore
Kinsane Entertainment Inc,Mumbai
Tapzo,Bangalore
Appario Retail Pvt Ltd.,Delhi
Samunnati,Chennai
Sahajanand Medical Technologies,Surat
Kuants,Gurgaon
Razorpay,Bangalore
Streak,Bangalore
pi Ventures,Bangalore
Newgen Software,Delhi
Rubix,Pune
ShareChat,Bangalore
Paperflite,Chennai
Skillate,Bangalore
OptaCredit,Chennai
AEON Learning,Bangalore
Milkbasket,Gurgaon
NeoGrowth Credit,Mumbai
Rao IIT Academy,Mumbai
Glassic,Bangalore
GreyAtom,Mumbai
Axio,Bangalore
eKincare,Hyderabad
The Wedding Brigade,Mumbai
PeeSafe,Gurgaon
BrowserStack,Mumbai
Scapic,Bangalore
CureFit,Bangalore
iNurture,Bangalore
Strata Enviro,Mumbai
Tata Housing,Mumbai
HandyTrain,Goa
Mobycy,Gurgaon
Greenlight Planet,Mumbai
Fintobox,Chennai
Mswipe,Mumbai
The Label Life,Mumbai
Cygnus Hospitals,Gurgaon
eShakti,Chennai
Inshorts,Noida
Vahdam Tea,Delhi
Logic Roots,Mumbai
Project Mudra,Bangalore
Furlenco,Bangalore
I Can Stay,Delhi
Fracktal Works,Bangalore
Simility,Hyderabad
Shopholix,Gurgaon
MindTickle,Pune
Nazara Technologies,Mumbai
DocsApp,Bangalore
Capita World,Mumbai
Tea Box,Bangalore
Transversal Technologies,Bangalore
Curofy,Gurgaon
WeDoSky,Delhi
Purplle,Mumbai
Sky Met Weather,Noida
Springboard,Bangalore
Peel Works,Mumbai
9Stacks,Delhi
Your Quote,Bangalore
Spandana Sphoorty,Hyderabad
EasyEcom,Bangalore
IGP.com,Noida
Specsmakers,Chennai
Garage On Road,Noida
Foyr.com,Hyderabad
Prest Loans,Delhi
AadharAPI.com,Pune
FreshBoxx,Bangalore
Vagupu,Bangalore
HalaPlay,Mumbai
Kalpnik Technologies,Bangalore
Hevo Data,Bangalore
Smart Karma,Bangalore
Leverage Edu,Delhi
Crayon Data,Delhi
DocTalk,Mumbai
CoveIoT,Bangalore
TalentEdge,Bangalore
Fisdom,Bangalore
FarmLink,Mumbai
OpenApp,Bangalore
NoPaperForms,Delhi
Tilite Technologies Pvt. Ltd,Bangalore
Mobiliz AR,Bangalore
Qubole,Bangalore
Happily Unmarried,Delhi
Universal Sportsbiz Pvt. Ltd,Mumbai
Hungry Foal,Gurgaon
Active AI,Bangalore
Sumeru,Bangalore
ElderAid Wellness,Bangalore
Omnia Information,Delhi
Josh Talks,Gurgaon
Reniso,Delhi
Kanhaiya,Hyderabad
Perspectico,Delhi
ONN Bikes,Mumbai
Rapido,Hyderabad
Heckyl,Mumbai
Nuvepro,Mumbai
RedBook,Mumbai
Portea,Bangalore
Credit Mate,Mumbai
Epiq Capital,Mumbai
MiStay,Bangalore
WittyFeed,Indore
IDG Ventures,Bangalore
TempGo,Goa
Edelweiss,Mumbai
ERA,Mumbai
Smaaash,Mumbai
Chumbak,Bangalore
FR8,Chennai
MobieFit,Goa
Stanza Living,Delhi
ChqBook,Gurgaon
HomeCapital,Mumbai
Elanic,Bangalore
CollPoll,Bangalore
PhonePe,Bangalore
Little Black Book,Delhi
Oorjan,Mumbai
Zefo,Bangalore
Yaantra,Delhi
Farm Taaza,Bangalore
Drivezy,Bangalore
Slice Pay,Bangalore
Agrowave,Gurgaon
MyGubbi,Bangalore
IBSFintech,Bangalore
Letsservice,Bangalore
OneStepUp,Delhi
ThirdWatch,Gurgaon
Parallel Dots,Gurgaon
Easy Diner,Gurgaon
StanPlus,Hyderabad
UCLID,Hyderabad
Policy Bazaar,Gurgaon
Gapoon,Bangalore
Chaayos,Gurgaon
Renew Buy,Delhi
Bank Bazaar,Chennai
Hasura,Chennai
LenDen Club,Mumbai
RAW Pressery,Mumbai
Cashe,Mumbai
Park Easy,Kolkata
TagBox,Bangalore
FYRE,Mumbai
ZipLoan,Delhi
Skillenza,Bangalore
Chevon,Mumbai
PropStory,Gurgaon
SpotDraft,Gurgaon
Big Basket,Bangalore
OfBusiness,Gurgaon
Olly Credit,Delhi
CashFree,Delhi
GoldFarm,Coimbatore
NetMeds,Chennai
MSE,Mumbai
Aahaa Stores,Chennai
MFine,Bangalore
Canvera,Mumbai
PrimaryIO,Pune
Nest Education,Gurgaon
Lending Kart,Ahmedabad
GoFro,Delhi
OncoStem,Bangalore
Power2SME,Gurgaon
Credit Vidya,Mumbai
Tails Life,Bangalore
OYO Rooms,Gurgaon
Early Salary,Pune
Seniority,Pune
AYE Finance,Delhi
Farmizen,Bangalore
Ecom Express,Delhi
Call Health,Hyderabad
Sattviko,Delhi
Tonbo Imaging,Bangalore
Get My Parking,Delhi
Glowroad,Bangalore
Heterogenous,Chennai
Gurukul,Delhi
WheelStreet,Bangalore
Xprep,Delhi
The Moms Co,Gurgaon
Noticeboard,Bangalore
High Radius,Hyderabad
HWell24 Plus,Mumbai
SaveBC,Gaya
Gaming Monk,Delhi
91SpringBoard,Delhi
Homergize,Bangalore
Yatra.com,Gurgaon
Ace Turtle,Bangalore
Vogo,Bangalore
Synup,Bangalore
Tinmen,Hyderabad
Cropin,Bangalore
Sportobuddy,Mumbai
Credifiable,Bangalore
Inclov,Gurgaon
Multibhashi,Bangalore
Transerve,Mumbai
Fashalot,Gurgaon
Pitstop,Bangalore
GoChoppers,Gurgaon
Aadyah,Bangalore
TouchKin,Bangalore
Ethinos,Mumbai
Zepo,Mumbai
Click2Clinic,Hyderabad
SpeedBox,Mumbai
Skill Connect,Jaipur
Chai Point,Bangalore
Lime Tray,Delhi
CoutLoot,Mumbai
Box My Space,Mumbai
Curatio,Chennai
New Castle Technologies,Chennai
My Forex Eye,Delhi
TruxApp,Delhi
CroFarm,Gurgaon
DoodhWala,Bangalore
Stayabode,Bangalore
Flipkart,Bangalore
Moong Labs,Delhi
Sports Flashes,Delhi
Digilend,Mumbai
KNAB Finance,Bangalore
Get Simpl,Mumbai
Rootefy,Delhi
Cerebroz,Vadodara
Flochat,Mumbai
EasyGov,Noida
Milk Basket,Gurgaon
Dhruva,Pune
Bombay Shaving Company,Delhi
Awign,Bangalore
Indiez,Bangalore
Ezetap,Bangalore
Ink Monk,Chennai
Medinfi,Bangalore
Mobikon,Pune
Fieldassist,Gurgaon
Treebo,Bangalore
Billion Loans,Bangalore
Ecolibriumenergy,Ahmedabad
Jumbotail,Bangalore
Timesaverz,Mumbai
Minjar,Bangalore
MyCity4kids,Gurgaon
Clip App,Bangalore
Upwardly.in,Bangalore
Autorox.co,Hyderabad
Fabogo,Pune
Flickstree,Mumbai
Design Cafe,Bangalore
Innoviti,Bangalore
VDeliver,Hyderabad
Bottr.me,Bangalore
Arcatron,Pune
QwikSpec,Bangalore
Vayana,Pune
MObiquest,Noida
Ambee,Hyderabad
Ideal Insurance,Kolkata
Hypernova Interactive,Bangalore
Rentomojo,Bangalore
AirCTO,Bangalore
Playablo,Bangalore
Trupay,Gurgaon
Brick2Wall,Gurgaon
FableStreet,Delhi
Monsoon Fintech,Delhi
MonkeyBox,Bangalore
Byju\\xe2\\x80\\x99s,Bangalore
Creator\\xe2\\x80\\x99s Gurukul,Delhi
Fab Hotels,Delhi
ThinkerBell,Bangalore
Jhakaas,Mumbai
BigStylist,Mumbai
Gympik.com,Bangalore
Tripeur,Bangalore
RentOnGo,Bangalore
Goomo,Mumbai
MaxMyWealth,Mumbai
Spinny,Gurgaon
Healthbuds,Kolkata
Ftcash,Mumbai
BHIVE Workspace,Bangalore
wayForward,Delhi
GyanDhan,Delhi
GrowFitter,Mumbai
Stratfit,Hyderabad
Multiplier Solutions,Hyderabad
ABI Health,Bangalore
Stockal,Bangalore
Guidoo,Mumbai
eSahai.in,Hyderabad
Loanmeet,Bangalore
LendingKart,Ahmedabad
Boxx.ai,Bangalore
PeeSafe.in,Delhi
Vista Rooms,Mumbai
CoverFox,Mumbai
HyperTrack,Delhi
Goodera,Bangalore
Ola,Bangalore
Vanitycask,Mumbai
MrNeeds,Noida
MoneyTap,Bangalore
Goodbox,Bangalore
PortDesk,Noida
EdgeFx,Hyderabad
HealthIntel,Delhi
Unbxd,Bangalore
DarwinBox,Hyderabad
ForeverShop,Bangalore
Insider.in,Mumbai
Grow Fit,Bangalore
Fabulyst,Hyderabad
mSwipe,Mumbai
OneAssist,Mumbai
Julia Computing,Bangalore
Explore Life traveling,Bangalore
Loantap,Mumbai
Voxweb,Mumbai
HUG Innovations,Hyderabad
V Resorts,Noida
Stashfin,Delhi
Formcept,Bangalore
Spares Hub,Pune
FiTraQ,Delhi
Niki.ai,Bangalore
Fitpass,Delhi
ZingHR,Mumbai
Tagos Design,Bangalore
UrbanClap,Gurgaon
Ace2three,Hyderabad
Innovapptive,Hyderabad
4tigo,Bangalore
SMECorner,Mumbai
ZippServe,Bangalore
HealthMir,Delhi
Uactive,Mumbai
i-lend,Hyderabad
Good Methods Global,Trivandrum
Balance App,Bangalore
YepMe,Gurgaon
Nightstay,Delhi
Devourin,Pune
MyGreens,Delhi
Curie Labs,Delhi
Uncanny Vision,Bangalore
Sequretek,Mumbai
Lucideus,Delhi
Vidooly,Noida
Shopclues,Gurgaon
Fourth Ambit,Bangalore
Chymera VR,Bangalore
Book My Diamond,Mumbai
ION Energy,Mumbai
Legal Raasta,Delhi
Log 9 Materials,Bangalore
Remit Guru,Mumbai
Aequm,Bangalore
Zapty,Bangalore
Vernacular.ai,Bangalore
Telr,Mumbai
Genie,Chennai
Paysense,Mumbai
The Good Life,Mumbai
PumpKart,Chandigarh
EzCred,Bangalore
HealthSutra,Hyderabad
Delhivery,Delhi
ZipGrid,Mumbai
TravelSpice,Hyderabad
Box8,Mumbai
GenNext Students,Mumbai
WhatsLoan,Bangalore
Cube Consumer Services,Mumbai
Wowflux,Delhi
Collateral Medical,Mumbai
Loadshare,Bangalore
SimpliLend,Delhi
Supr Daily,Mumbai
SastaSundar,Kolkata
Eruditus,Mumbai
TestBook,Mumbai
Healthcare at Home,Noida
Tyre Express,Mumbai
SmartCoin,Bangalore
WayCool,Chennai
Perfios,Bangalore
Whatfix,Bangalore
ElastiRun,Pune
Trukky,Ahmedabad
Konsult App,Delhi
Credit Sudhaar,Mumbai
DataWeave,Bangalore
Medwell Ventures,Bangalore
Mech Mocha,Bangalore
Startup Buddy,Gurgaon
QorQI,Noida
Twenty Two Motors,Gurgaon
WonderChef,Mumbai
FastFox,Gurgaon
Omnify,Bangalore
MergerWare,Bangalore
Clovia,Delhi
Emiza,Mumbai
HackerEarth,Bangalore
Squadrun,Noida
ScoutMyTrip,Mumbai
SafetyKart,Gurgaon
WeAreHolidays,Gurgaon
Myly,Jaipur
CrediHealth,Gurgaon
Navia Life Care,Delhi
Raw Pressery,Mumbai
Snackible,Mumbai
Be U Salons,Delhi
Simulanis,Delhi
Innefu Security Consulting,Delhi
Whodat,Bangalore
Absentia VR,Bangalore
IOTrek,Delhi
HolaChef,Mumbai
Wooplr,Bangalore
Video Ken,Bangalore
Faasos,Pune
Oyo Rooms,Gurgaon
Niramai,Bangalore
The Office Pass,Gurgaon
Awfis,Mumbai
Myra,Bangalore
Flytxt,Mumbai
Howdy Ventures,Chennai
StalkBuyLove,Delhi
ZipGo,Bangalore
Scootsy,Mumbai
Autobix,Pune
eShiksha,Jaipur
Sepalika,Delhi
Mintwalk,Mumbai
Qriyo,Jaipur
Belong,Bangalore
Seenit,Kolkata
Paalak,Delhi
Celes Care,Hyderabad
Karomi,Chennai
Red Carpet,Gurgaon
Kreate Konnect,Vadodara
CreditMantri,Chennai
Lets Endorse,Bangalore
Tydy,Bangalore
Nactus,Jaipur
Oho Shop,Ahmedabad
Emojifi,Hyderabad
Paytm Marketplace,Bangalore
iGenetics,Mumbai
Juno Clinic,Mumbai
Summerlabel,Gurgaon
PickMe,Mumbai
Agrostar,Pune
Zapr,Bangalore
Data Resolve,Noida
Book Servicing,Delhi
Blowhorn,Bangalore
PipeCandy,Chennai
Parentune,Gurgaon
AppBrowzer,Bangalore
MagicBricks,Mumbai
PeeBuddy,Delhi
iOrderFresh,Delhi
Lavelle Networks,Bangalore
PropertyShare,Bangalore
MyDermacy,Delhi
LatestOne,Hyderabad
Frapperz,Kolkata
mPaani,Mumbai
ShilpMIS,Surat
Fitso,Gurgaon
FarMart,Gurgaon
Airpay,Mumbai
MyGlamm,Mumbai
The Mons Co.,Delhi
Haqdarshak,Bangalore
Ixigo,Gurgaon
Markets and Markets,Pune
Bizom,Bangalore
BabyonBoard,Bangalore
Sport Flashes,Delhi
Wigzo,Delhi
DoneThing,Gurgaon
Zapyle,Bangalore
Ithaka,Mumbai
perpule,Bangalore
Emflux Motors,Bangalore
Klinic App,Gurgaon
Oriano Solar,Mumbai
Rooter,Delhi
FalconBrick,Bangalore
Clodura,Pune
Stockroom.io,Hyderabad
iManageMyHotel,Kolkata
Inner Hour,Mumbai
Travel Triangle,Noida
Wandertrails,Bangalore
Zenatix,Gurgaon
Cartrade,Mumbai
MindYourFleet,Noida
Edurev,Gurgaon
Voonik,Bangalore
1Crowd,Mumbai
48East,Bangalore
Redesyn,Mumbai
Flutura,Bangalore
Wassup,Chennai
Better Mortgage,Gurgaon
Nurturey,Delhi
Fyle,Bangalore
GoBumpr,Chennai
CCAvenue,Mumbai
Connaizen,Delhi
AirZaar,Missourie
Truebil,Mumbai
YourStory,Bangalore
Imaginate,Hyderabad
Aisle,Bangalore
TownScript,Pune
Leopetra,Mumbai
Blood n Care,Gurgaon
Vebbler,Bangalore
Lets Reap,Mumbai
Oglas,Noida
Staydobe,Bangalore
Johari Shop,Bangalore
NeoStencil,Delhi
TaxSutra,Pune
TempoGo,Panaji
GoFynd,Mumbai
Vow Car Clinic,Gurgaon
LearnTron,Chennai
MobiDent,Bangalore
Yostra,Bangalore
Leap India,Mumbai
FreeCharge,Mumbai
TicketNew,Chennai
Intelligence Node,Mumbai
Securens,Mumbai
Loan Frame,Gurgaon
DriveSkool,Bangalore
LensKart,Bangalore
InstaOffice,Gurgaon
Hansel.io,Bangalore
Square Yards,Gurgaon
Roambee,Mumbai
PaisaWapas,Bangalore
iService,Bangalore
SecururAX,Bangalore
Leadburg,Bangalore
ZoloStays,Bangalore
Oi Media,Delhi
HipCouch,Mumbai
Curiositi,Bangalore
TinyStep,Bangalore
Practo,Bangalore
Ketchupp,Delhi
Hoopy,Gwalior
Ezytruk,Bangalore
Kratikal,Delhi
Direct Create,Gurgaon
Vahdam Teas,Delhi
Qwikspec,Bangalore
PParke,Bangalore
Weddingz.in,Mumbai
Native Special,Karur
Fitnapp,Noida
Ethosh,Pune
MessaGif,Delhi
SmartHi,Pune
CRON Systems,Delhi
CueMath,Delhi
ChipperSage,Bangalore
SelectJobs,Mumbai
Khel Now,Bangalore
NowFloats,Hyderabad
Lets Transport,Bangalore
BetaOut,Noida
Wishberry,Mumbai
RML Agtech,Pune
LoyaltyPrime,Delhi
InstaSafe,Bangalore
99Games,Udupi
AirMed Labs,Ahmedabad
99PerHour,Chennai
Kochi Post,Kochi
Intuit Things,Mumbai
Cloudrino,Delhi
FabX,Mumbai
Maptags,Bangalore
YOLO Health,Mumbai
Heads Up For Tails,Delhi
Register My Marriage,Delhi
SidQam,Noida
India Lends,Delhi
Slide App,Delhi
Badiyajobs,Delhi
Streo,Bangalore
TYGR,Mumbai
Mr Hot Foods,Indore
UrDoorStep,Bangalore
Diro Labs,Delhi
THB,Gurgaon
LookAtMe,Singapore
Netree,Delhi
BookEventz,Mumbai
Tailslife,Bangalore
WealthApp,Bangalore
Vehico,Bangalore
Zest Money,Mumbai
GoMechanic,Gurgaon
Stalk Buy Love,Delhi
Wittyparot,Bangalore
NeuroEquilibrium,Jaipur
Xseed Education,Bangalore
Rupaiya Exchange,Delhi
Doctor Insta,Gurgaon
Fresh Food Concepts,Delhi
Indifi,Gurgaon
GoComet,Mumbai
Fitmein,Delhi
Qacco,Gurgaon
MoEngage,Bangalore
Ten3t Health,Bangalore
Trading Bells,Indore
SERV\\xe2\\x80\\x99D,Pune
IdeaForge,Mumbai
Amagi Media Labs,Mumbai
Pocket Aces,Mumbai
Pi Data Centers,Hyderabad
TripShelf,Delhi
VivoCarat,Mumbai
Tiyo,Kolkata
Zoomcar,Bangalore
BYJU\\xe2\\x80\\x99s,Bangalore
The BlueBook,Bangalore
Vegetall,Chennai
Innoplexus,Pune
Mindler,Delhi
MCaffeine,Bangalore
enKast,Bangalore
MyAdvo,Delhi
Asocon,Noida
LexComply,Delhi
The Postbox,Chennai
Pandorum Technologies,Bangalore
Dekkho,Mumbai
Shadowfox,Gurgaon
Healthifyme,Bangalore
LetsMD,Delhi
Justbooks,Bangalore
InstantPay,Delhi
PickMyLaundry,Delhi
FreshDesk,Chennai
LaundryAnna,Bangalore
Zarget,Chennai
DoSelect,Bangalore
EasyPolicy,Noida
Browntape,Goa
Connect India,Bangalore
Corseco,Delhi
vImmune,Bangalore
The Gourmet Jar,Noida
Medzin,Delhi
JustRide,Mumbai
IIM Jobs,Delhi
GolfLAN,Delhi
Yottaasys,Bangalore
Tone Tag,Bangalore
Life in Control,Gurgaon
Active.ai,Singapore
ElasticRun,Pune
PlaySimple,Bangalore
Stasis Labs,Bangalore
Scienaptic,Bangalore
Koovs,Delhi
Lawrato,Delhi
Trip Tap Toe,Gurgaon
Pictor Imaging,Mumbai
GramCover,Delhi
AerMed,Mumbai
WorkIndia,Mumbai
Bats on delivery,Gurgaon
numberz.in,Gurgaon
Housing.com,Mumbai
Awesummly,Bangalore
VoLT,Mumbai
Vymo,Bangalore
ShubhLoans,Bangalore
Noddapp,Mumbai
Knowlarity,Bangalore
Infisecure,Mumbai
FroyoFit,Indore
Betterplace,Bangalore
UClean,Gurgaon
Servify,Mumbai
Hubilo,Ahmedabad
FunOnGo,Mumbai
121Policy,Kolkata
TapChief,Bangalore
Kloseby,Bangalore
WholeSaleBox,Jaipur
Crossahead,Noida
Affordplan,Delhi
ShopsUp,Bangalore
Indofash,Bangalore
Entropika,Bangalore
MarianaIQ,Bangalore
Chai Thela,Noida
Interviewpad,Pune
Math Buddy,Vadodara
Pulse,Bangalore
Carcrew.in,Mumbai
MeraKisan,Bangalore
Mystifly,Bangalore
HelpChat,Bangalore
World Art Community,Gurgaon
Giftxoxo,Bangalore
Bharat Bazaar,Mumbai
India Gifts Portal,Noida
NetLinx,Hyderabad
Scandid,Pune
Remitr,Mumbai
InnerChef,Gurgaon
AppsDaily,Mumbai
MuhurtMaza,Pune
Azuro,Mumbai
NeuroSynaptic,Bangalore
UE LifeSciences,Mumbai
FindmeaShoe,Bangalore
RealBox,Noida
Sportido,Noida
GoZefo,Bangalore
RayIOT,Bangalore
KOOH Sports,Mumbai
Flexiloans,Mumbai
Sibia Analytics,Kolkata
Vithi.com,Delhi
Yupp TV,Bangalore
Deyor Camps,Gurgaon
FabAlley,Noida
Shoekonnect,Agra
Maya,Bangalore
RoboVac,Ahmedabad
Newspatrolling,Delhi
Postman,Bangalore
ISFC,Hyderabad
BeatRoute,Gurgaon
Kidsstoppress,Mumbai
DailyHunt,Bangalore
Tazzo Bikes,Hyderabad
MyKindofJob,Mumbai
Yumigo,Gurgaon
Rentalpha,Mumbai
3Dexter,Delhi
BabyChakra,Mumbai
Coppre,Pune
MySUN,Noida
ePathsala,Bangalore
Actofit,Mumbai
Stayology,Bangalore
Hipcask,Mumbai
ChatOnGo,Mumbai
Kredx,Bangalore
CreditMate,Mumbai
Pickrr,Delhi
SatvaKart,Gurgaon
SooperMO,Gurgaon
OrangeTwig,Delhi
The Kettlery,Ahmedabad
Idea Bubbles,Bangalore
Pikkol,Bangalore
Velmenni,Delhi
Volta Motors,Chennai
Cyclops,Bangalore
Impact Analytics,Bangalore
Talent Next,Mumbai
Mihup,Kolkata
Renowala,Hyderabad
Trackbizz,Kochi
Social Quotient,Mumbai
CheersOye!,Mumbai
Zilingo,Bangalore
Alternacare,Delhi
Simplilearn,Bangalore
Prozo,Gurgaon
TopRankers,Bangalore
BuildTraders,Bangalore
Freshboxx,Hubli
CureInstant,Delhi
Poshtic,Noida
KarmaCircles,Delhi
Purple Style Labs,Mumbai
Inuxu,Pune
Glam Studios,Noida
Findow,Bangalore
IdeaChakki,Delhi
ShoeKonnect,Agra
NearBuy,Gurgaon
ZeroInfy,Kolkata
Flocareer,Bangalore
LensPick,Bangalore
infeedo,Gurgaon
GoPigeon,Bangalore
NewsDistill,Hyderabad
DoctorInsta,Gurgaon
Milofy,Bangalore
Liqvid,Delhi
Codemojo,Bangalore
JustLikeNew,Hyderabad
JoeHukum,Delhi
Co Life,Bangalore
PurpleDocs,Vadodara
eQuickies,Ahmedabad
Gadgetwood,Delhi
DailyRounds,Bangalore
Flixy Games,Bangalore
HashTaag,Bangalore
PharmaRack,Pune
\\xc2\\xa0CloudCherry,Chennai
Parentlane,Bangalore
First Moms Club,Mumbai
inMotion,Noida
Let\xe2\x80\x99s Barter,Delhi
EvenGini,Chennai
Canvs,Mumbai
Beardo,Ahmedabad
Instacar,Indore
Druva,Pune
Promon,Delhi
Fastudent,Noida
Unocoin,Bangalore
Demyto,Pune
Zeta,Mumbai
Kalaage,Jaipur
HealthKart,Gurgaon
RepairEasy,Pune
Tokri,Pune
Sheroes,Noida
Yumlane,Mumbai
Xcode,Chennai
ExtraCarbon,Gurgaon
FlickBay,Mumbai
Petoo,Bangalore
lehlehsports,Delhi
Tricog,Bangalore
VST Travels,Kochi
AdPushUp,Delhi
Wefly Indoor Skydiving,Mumbai
Mojarto,Gurgaon
Zipgrid,Mumbai
Zeolr/RespirON,Delhi
Travelyaari,Bangalore
Genextstudents,Mumbai
Crofarm,Gurgaon
Faircent.com,Gurgaon
Innovaccer,Noida
Cuberoot,Gurgaon
Funcastic,Delhi
Buttercups,Bangalore
Hike,Delhi
Joolz,Mumbai
SaleBhai,Ahmedabad
Makkajai,Pune
Gradopedia,Mumbai
MaalGaadi,Indore
ZiPi,Bangalore
Appknox,Bangalore
Sesame Software,Kozhikode
Quikr,Mumbai
Digio,Bangalore
Ziffity,Chennai
Zzungry,Bangalore
Puro Wellness,Mumbai
TAC Security,Delhi
Notesgen,Delhi
NearU,Mumbai
Octo.ai,Delhi
ShaadiSaga,Delhi
UnaAcademy,Bangalore
Advenio,Chandigarh
Guarented,Bangalore
Beyond Evolution,Gurgaon
Uber Dreams,Mumbai
Convegenius,Noida
UrbanLadder,Mumbai
enCashea,Bangalore
EngineerBabu,Indore
Cult,Bangalore
WitWorks,Bangalore
NearFox,Mumbai
ZoomCar,Bangalore
Plix,Gurgaon
Mobikwik,Gurgaon
MyDidi,Mumbai
CrownIt,Gurgaon
LoanTap,Mumbai
Runnr,Bangalore
Zolo,Noida
Notion Press,Chennai
LivSpace,Bangalore
iAugmentor Labs,Gurgaon
DayBox,Delhi
CropIn,Bangalore
Prime Focus Technologies,Mumbai
Flyrobe,Mumbai
inclov,Mumbai
RazorPay,Bangalore
Venture Catalysts,Mumbai
PressPlay TV,Delhi
Playment,Bangalore
WealthTrust,Mumbai
Curefit,Bangalore
StitchWood,Mumbai
Grab.in,Mumbai
NeoGrowth,Mumbai
SeeDoc,Gurgaon
BookMyShow,Mumbai
HappilyUnmarried,Delhi
Don\\xe2\\x80\\x99t Scratch Your Head,Ahmedabad
Wedding Wishlist,Chennai
AppDaily,Mumbai
Adytude,Delhi
Quickli,Gurgaon
SpectraVR,Mumbai
Trak N Tell,Gurgaon
Overcart.com,Gurgaon
SirionLabs,Gurgaon
MintM,Bangalore
HitGrit,Chandigarh
Find My Stay,Delhi
YAAP,Delhi
Utoo Cabs,Chennai
Twigly,Gurgaon
Urban Tailor,Bangalore
RentMojo,Bangalore
CityFurnish,Gurgaon
HEAL Institute,Mumbai
Augrav,Coimbatore
ShoppinPal,Pune
TransTutors / AskIITians,Delhi
WorkApps,Pune
BankerBay,Bangalore
BaggOut,Delhi
SatvaCart,Delhi
Ridlr,Mumbai
Yellowdig,Pune
Zuppler,Delhi
BlueStone,Mumbai
underDOGS,Mumbai
ImageProVision,Pune
Sagacito,Delhi
Deal4Loans / Wishfin,Noida
NiYO Solutions,Bangalore
AppLop,Gurgaon
Tax2Win,Jaipur
Truckola,Mumbai
iServe Financial,Pune
MyTaxiIndia,Delhi
AbeRuk,Bangalore
Wiwigo,Bangalore
Drums Food,Mumbai
Chikoop,Indore
BRIDGEi2I,Bangalore
Atomberg,Mumbai
Coutloot,Mumbai
Limo,Mumbai
iCliniq,Bangalore
GoGo Truck,Chennai
Vyome Biosciences,Delhi
SillyMonks,Hyderabad
Intgrea,Bangalore
HelpShift,Pune
CreditVidya,Mumbai
Grey Campus,Hyderabad
ListUp,Mumbai
6Degree,Mumbai
Shopwati,Gurgaon
Cookifi,Bangalore
StoreKing,Bangalore
Wired Hub,Jaipur
MySeniorDoctor,Gurgaon
Teabox,Siliguri
ExtraaEdge,Pune
EPayLater,Mumbai
Kyazoonga,Mumbai
Paytunes,Delhi
Kickstart Jobs,Gurgaon
Freshee,Mumbai
MadRat Games,Bangalore
Jazzmyride,Delhi
AutoSense,Delhi
Redsun Telematics,Chennai
KhanaGadi,Jaipur
Bombay Shirt Company,Mumbai
EdTechReview,Delhi
Bonhomia,Delhi
Gobolt,Delhi
Jivox,Bangalore
Sminq,Pune
CureJoy,Bangalore
Oneway.cab,Vadodara
GrabOnRent,Bangalore
Unnati Helpers,Gurgaon
Athletto,Bangalore
ThinkPhi,Mumbai
Cleartax,Delhi
Silvan Innovation Labs,Bangalore
GreytHR,Bangalore
Duffl,Bangalore
BYG,Bangalore
Dipper,Delhi
Qonfuse,Delhi
The Indian IRIS,Ahmedabad
Onspoon,Mumbai
REstate,Bangalore
Cleartrip,Mumbai
ProcMart,Noida
Celerix,Bangalore
NatureNama,Mumbai
CyclopsMedtech,Bangalore
Syona Cosmetics,Chennai
PrettySecrets,Mumbai
SpiderG,Pune
FarEye,Delhi
The Uolo,Bangalore
Staqu,Gurgaon
Padhopadhao,Delhi
Drivify,Mumbai
PratiLipi,Bangalore
ParaBlu,Bangalore
Schedulers Logistics,Mumbai
LEAP India,Mumbai
KabadiExpress,Delhi
YourDost,Bangalore
Gomalon,Bangalore
Voler Cars,Delhi
Locanix,Ahmedabad
Hello Tax,Delhi
MySuperBrain,Hyderabad
BlogBeats,Bangalore
LetReach,Delhi
TrendieApp,Kolkata
ImpactGuru,Mumbai
Velvetcase,Mumbai
Meru Cabs,Mumbai
Campus Diaries,Bangalore
Scripbox,Bangalore
Biryani Blues,Gurgaon
MotoMojo,Mumbai
Prescribez,Pune
Airwood,Chennai
iDreamCareer,Delhi
Zwayam,Bangalore
BoiBanit,Vadodara
Zuver,Mumbai
Prepathon,Mumbai
EasyRoads,Mumbai
Seclore,Mumbai
SolarTown,Chennai
Comarete,Pune
MyDentistChoice,Hyderabad
Indee,Bangalore
WebAlligator,Bangalore
EduAce Services,Lucknow
Zebroads,Hyderabad
Locus,Bangalore
Toko Innovations,Bangalore
Rentickle,Delhi
InnoNano Research,Chennai
SchoolWear,Mumbai
Zenify,Bangalore
Faircent,Gurgaon
Fractal Analytics,Mumbai
Life Circle,Hyderabad
Dream Wallets,Jaipur
ShabdNagari,Kanpur
Galleri5,Bangalore
Derbii,Gurgaon
StayZilla,Chennai
WoW Express,Mumbai
BedBathMore,Mumbai
Murgency,Mumbai
Crownit,Gurgaon
Blinge,Mumbai
TheSmartQ,Bangalore
PurpleHealth,Trivandrum
Fundamentor,Pune
EduPristine,Mumbai
BhiveWorkspace,Bangalore
Appie,Mumbai
TaxiVaxi,Delhi
Veqta,Delhi
i2ifunding,Noida
EduRev,Gurgaon
Hoppingo,Delhi
Eatonomist,Gurgaon
Goalwise,Bangalore
Roast,Delhi
Address Health,Bangalore
Arcatron Mobility,Pune
SheThePeople,Delhi
Consure Medical,Delhi
mChamp,Delhi
Pianta,Bangalore
Vahanalytics,Mumbai
Play Your Sport,Delhi
CCavenue,Mumbai
Tpot,Gurgaon
MachaDalo,Mumbai
Dil Mil,San Francisco
PicsDream,Delhi
Process 9,Gurgaon
Housing,Mumbai
Roll Mafia,Pune
Hungama,Mumbai
Highway Delite,Bangalore
Cult Fitness,Bangalore
Haptik,Mumbai
Shipsy,Gurgaon
gear6,Bangalore
Truly Social,London
Vahan,Chennai
imedilane,Delhi
Living Local,Mumbai
Vegfru,Delhi
Oyo,Delhi
PriceRaja,Gurgaon
MagicX,Bangalore
Happydemic,Mumbai
LenDenClub,Mumbai
Legalraasta,Delhi
RainCan,Pune
Hippily,Mumbai
kredX,Bangalore
Wedwise,Delhi
BeaconsTalk,Mumbai
Deal 4Loans,Noida
Blue Box Media,Jaipur
Vyomo,Delhi
Organicshop,Jaipur
MInd Your Fleet,Noida
NestAway,Bangalore
Tapchief,Bangalore
Yufta,Bangalore
Smytten,Gurgaon
Houssup,Jaipur
Jugnoo,Chandigarh
Tork Motocycles,Pune
Betaout,Noida
DriversCart,Chennai
OYOfit,Bangalore
Oliveboard,Bangalore
Broomberg,Delhi
m.paani,Mumbai
mishTag,Delhi
Advanced Structures India,Bangalore
Knolskae,Bangalore
TOKO Innovation Studios,Delhi
Commut,Hyderabad
intouchapp,Pune
Dropkaffe,Bangalore
Transerv,Mumbai
ClearTax,Bangalore
ICHR,Delhi
Impact Guru,Mumbai
Gympik,Bangalore
Testbook,Mumbai
IQlect,Bangalore
MoMark,Noida
Skedool,Seattle
Systemantics,Bangalore
Vertuals,Mumbai
Imarticus Learning,Mumbai
Shouut,Delhi
Aahaa,Chennai
FTCash,Kolkata
Civilsdaily,Delhi
Zappka,Gurgaon
Tarusa World,Mumbai
medECUBE,Gurgaon
N.O.W,Noida
Reach,Bangalore
Vanity Cube,Delhi
Medidaili,Bangalore
Finomena,Delhi
Cookaroo,Bangalore
vPhrase Analytics,Mumbai
LoveCycles,Bangalore
Kartrocket,Delhi
dunzo,Bangalore
Indiamart,Noida
SmartVizX,Noida
Nukkad Shops,Hyderabad
Cloudacar,Pune
Justride,Mumbai
Yana,Gurgaon
Big Fish Ventures,Delhi
Stylflip,Mumbai
Supplified,Delhi
JollyFoodFellow,Ahmedabad
PinkBlue,Bangalore
TruckingCube,Delhi
eSwasthya,Ahmedabad
FlipClass,Bangalore
Proximit,Pune
WithMe,Gurgaon
Avagmah,Bangalore
Wealthy,Bangalore
Pramati,Noida
Qlivery,Gurgaon
HealthEnablr,Mumbai
Liftiee,Mumbai
Hello Curry,Hyderabad
goSporto,Delhi
OneClickWash,Gurgaon
Girnar Software,Jaipur
Room On Call,Gurgaon
DrivoJoy,Bangalore
Smartron,Bangalore
LifCare,Jaipur
CreditSeva,Hyderabad
CityShor,Ahmedabad
Endless Robotics,Hyderabad
SP Robotics,Chennai
Wheelstreet,Bangalore
Horntell,Gurgaon
Schoolkart,Noida
HealthEminds,Bangalore
Babygogo,Delhi
Veritas Finance,Chennai
QikShip,Delhi
FixNix,Chennai
Touchkin,Bangalore
SwitchMe,Mumbai
Transcell,Hyderabad
Blue Tokai Coffee,Delhi
Altizone,Pune
Oust App,Bangalore
Strike,Bangalore
Gamooz,Gurgaon
SoundSurround,Mumbai
Mazkara,Pune
RoadGods,Delhi
Pindropmusic,Noida
Woodpie,Bangalore
Perfumery,Delhi
Magic Crate,Bangalore
ZenDrive,Bangalore
Smartcooky,Delhi
Turtlemint,Mumbai
BHIVE,Bangalore
Gingercrush,Vadodara
American Vision,Pune
DawaiLelo,Varanasi
LiveNutriFit,Delhi
iStyleYou,Gurgaon
AdUrCup,Delhi
Weddingz,Mumbai
Urban Dhobi,Jaipur
Gray Routes,Mumbai
Xpressbees,Pune
Invictus Oncology,Delhi
Inc42,Delhi
Capzest,Mumbai
GlamStudios,Noida
Affimity,Bangalore
Anandakanda,Pune
JoulestoWatts,Bangalore
Shopkirana,Indore
Stylofie,Gurgaon
OyBob,Gurgaon
ActOnMagic,Bangalore
iGrenEnergi,Mumbai
RKSV,Mumbai
Aasaanjobs,Mumbai
Snapdeal,Delhi
Snapbizz,Bangalore
GoYaNo,Gurgaon
Buddy,Bangalore
Legistify,Delhi
TableHero,Bangalore
BetterPlace,Bangalore
Salebhai,Ahmedabad
icustommadeit,Pune
Tring,Pune
Timemytask,Mumbai
GameZop,Delhi
Notary Mama,Bangalore
The Viral Fever,Mumbai
Avanti Learning,Delhi
Bollant Industries,Hyderabad
GetVee,Delhi
HealthKumbh,Ahmedabad
Unlaze,Gurgaon
Tracxn,Bangalore
Careongo,Delhi
Ark Robot,Bangalore
Jaypore,Delhi
Finance Buddha,Bangalore
AlmaConnect,Delhi
Advantage Club,Gurgaon
LocalRamu,Bangalore
Baby Berry,Bangalore
First Eat,Delhi
SigTuple,Bangalore
Taskbob,Mumbai
Styledotme,Delhi
NewsLaundry,Delhi
CupoNation,Gurgaon
Aarav UAV,Kanpur
Sayfix,Bangalore
LoanZen,Bangalore
AppilyEver,Hyderabad
Pocketin,Noida
FeetApart,Bangalore
CarveNiche,Bangalore
Juspay,Bangalore
Funcart,Delhi
Freedom Smart Labs,Delhi
EduBridge,Mumbai
Nestaway,Bangalore
Hopscotch,Mumbai
PinClick,Bangalore
Helpi,Mumbai
DogSpot,Gurgaon
Career360,Delhi
B9 Beverages,Delhi
WIMWI Foods,Ahmedabad
MyChild App,Bhopal
Instaproc,Noida
360Ride,Bangalore
Alef\\nMobitech,Mumbai
Qdesq,Gurgaon
Sensara,Bangalore
Zebpay,Ahmedabad
PlanMy\\nMedicalTrip,Pune
MyCity4Kids,Gurgaon
Justdakhila.com,Delhi
PitStop,Bangalore
Bikxie,Gurgaon
Infurnia,Bangalore
Melorra,Bangalore
ConfirmTKT,Bangalore
Gyaanzone,Mumbai
FlatFurnish,Gurgaon
Lumiere,Bangalore
Wishup,Delhi
FreshMenu,Bangalore
SavvyMob,Bangalore
Fashionablyin,Mumbai
Hike Messenger,Delhi
iBus Networks,Bangalore
Happy2Refer,Mumbai
CarTrade,Mumbai
Rentomo,Bangalore
Roder,Delhi
Bucker,Hyderabad
Care24,Mumbai
Obino,Mumbai
Snapshopr,Bangalore
Buildkar,Bangalore
Orahi,Gurgaon
Remidio,Bangalore
evibe.in,Bangalore
Jobick,Noida
Plick,Mumbai
Voice Friends,Mumbai
Cashkaro,Gurgaon
Gameezop,Delhi
DailyObjects,Delhi
CollegeDunia,Delhi
Villgro,Chennai
Reddoorz,Delhi
IndustryBuying,Delhi
Just Buy Live,Mumbai
IMbesharam,Delhi
Moodoo,Mumbai
Saral Designs,Mumbai
FirstCry,Pune
Easypolicy,Noida
CREO,Bangalore
ShabdaNagari,Kanpur
Little,Bangalore
SnapBizz,Bangalore
PlexusMD,Ahmedabad
Silvan,Bangalore
EPS,Mumbai
Gajty,Gurgaon
SIFTR Labs,Mumbai
SkyCandle,Delhi
Teabox.com,Siliguri
Buildzar,Gurgaon
Applicate,Bangalore
WhatsOnRent,Bangalore
Zebi (yet to launch),Hyderabad
Truce,Mumbai
JustDoc,Bangalore
Myeglu,Bangalore
BitGiving,Delhi
Rare Media,Delhi
TinMen,Hyderabad
CodingLabs,Hyderabad
FindUrClass,Mumbai
DesignBids,Delhi
Black White Orange Brands,Mumbai
Biteclub,Gurgaon
Patel Logistics,Mumbai
Zapluk,Hyderabad
Godof Hospitals,Delhi
RoomsTonite,Bangalore
Kaaryah,Delhi
Anakage,Bangalore
EasyKhaana,Delhi
Eckovation,Delhi
Fitcircle,Mumbai
Applop,Kolkata
CaRPM,Gurgaon
NDTV Wedding portal,Delhi
Splitkart,Delhi
Customfurnish,Hyderabad
Vlurn,Mumbai
Leaf Wearables,Delhi
Coolshare,Mumbai
mFicient,Delhi
HeyBiz,Delhi
Yumist,Gurgaon
Jigsaw Academy,Bangalore
JumboBasket,Chandigarh
HomeStudio,Bangalore
PropheSee,Delhi
i2e1,Delhi
Holisol Logistics,Delhi
Stay Simple Resorts,Bangalore
Paynear,Hyderabad
Chillr,Mumbai
EureQa,Hyderabad
LocalCircles,Noida
GetFocus,Mumbai
OnlineRTI,Bangalore
Powerstores,Goa
Intelligent Interfaces,Bangalore
Capricoast,Bangalore
JetSetGo,Bangalore
Cabsguru,Delhi
Whoop,Boston
Deal Street Asia,Singapore
Streamoid,Bangalore
Housejoy,Bangalore
Bluebirch,Bangalore
MeraDoctor,Mumbai
STAGE 3,Delhi
Eatfresh,Bangalore
Ampere Vehicles,Coimbatore
Focus Digit,Delhi
The News Minute,Bangalore
CBREX,Mumbai
TruckMandi,Delhi
Peppertap,Gurgaon
Industrybuying,Delhi
PlanetGogo,Gurgaon
Arya.ai,Mumbai
LafaLafa,Mumbai
Shotang.com,Bangalore
Black White Orange,Mumbai
Kolabro,Gurgaon
Town Essentials,Bangalore
Bumper,Bangalore
Hotify,Bangalore
MobiKwik,Gurgaon
CityFlo,Mumbai
Findyahan,Noida
Sabse,Mumbai
Pokkt,Mumbai
oibanit,Vadodara
Stuffed,Mumbai
LoanBaba,Mumbai
Deyor Rooms,Delhi
YourDOST,Gwalior
BookMyBai,Mumbai
MyIndianStay,Goa
Bobble,Delhi
RepUp,Gurgaon
Satvacart,Gurgaon
POPxo.com,Delhi
SparesHub,Pune
Explara,Pune
Soothe Healthcare,Noida
Yuvi Hospitality,Gurgaon
AppVirality,Hyderabad
iStar Skill Development,Bangalore
BigStylist.com,Mumbai
Didi,Mumbai
Skoov.com,Mumbai
Chefs Basket,Mumbai
Delight Foods,Bangalore
Grab,Mumbai
Hitwicket,Hyderabad
Flashdoor,Bangalore
Cashkaro.com,Gurgaon
Absentia,Bangalore
TaskBucks,Delhi
CraftsVilla,Mumbai
StyleTag,Bangalore
BiBox,Bangalore
ScoopWhoop,Delhi
Hipship,Bangalore
Truelancer,Delhi
AHA Taxis,Noida
SenseGiz,Belgaum
PlaceofOrigin,Bangalore
Fourseven,Delhi
Shopsense,Mumbai
OUWT,Mumbai
HeyPillow,Bangalore
Healers At Home,Delhi
Caravan Craft,Bangalore
Talkoot,Bangalore
RentoMojo,Bangalore
Medikoe,Bangalore
ServX,Delhi
Naaptol,Mumbai
EarlySalary.com,Mumbai
Tooler,Delhi
S Chand,Delhi
Stelae,Chennai
GoQii,Mumbai
Pluss,Gurgaon
KountMoney,Bangalore
StayGlad,Bangalore
LearnOn,Chennai
Talentrack,Delhi
M-TAXI,Gurgaon
Baxi,Gurgaon
Superhero Brands,Mumbai
MoMagic,Delhi
QikPod,Bangalore
Butterfly Interactive,Delhi
Bro4U,Bangalore
EasyFix,Gurgaon
Muvizz,Singapore
Abhibus,Hyderabad
Shopalyst,Bangalore
Voylla,Jaipur
IndiaLends,Delhi
Rock N Shop,Delhi
DocPlexus,Pune
SportzVillage,Bangalore
SportyBeans,Pune
Welcome Cure,Mumbai
SchoolGuru,Mumbai
Naturally Yours,Mumbai
GoJavas,Gurgaon
ZuperMeal,Mumbai
Cube26,Delhi
Grabhouse,Bangalore
Quifers,Mumbai
Cloud Lending,Bangalore
Inayo,Mumbai
WoNoBo,Bangalore
Kulzy,Delhi
Zeppery,Delhi
Zify,Hyderabad
Gridle,Ahmedabad
Mubble,Bangalore
Voodoo,Delhi
Lookup,Bangalore
AskMyGift,Noida
Gaana.com,Mumbai
GymTrekker,Mumbai
Bounty App,Bangalore
Homers.in,Gurgaon
mShipper,Delhi
BolRealty,Delhi
S-Cube Futuretech,Mumbai
LetsVenture,Bangalore
Citrus Payment,Mumbai
Holidify,Delhi
PrimaSeller,Bangalore
Opinio,Bangalore
Attune Technologies,Chennai
iChef.in,Mumbai
Jiyo Natural,Bangalore
AgentDesks,New York
White Owl Brewery,Mumbai
MealHopper,Gurgaon
Zenify.in,Bangalore
Medd,Mumbai
Leaping Caravan,Gurgaon
Frsh,Gurgaon
Qik Stay,Delhi
Parcelled,Bangalore
AlmaMapper,Ahmedabad
Flexing It,Delhi
Netmeds.com,Chennai
Jombay,Pune
Happitoo,Mumbai
Roadrunnr,Bangalore
Simpli5d,Gurgaon
ORIGA Leasing,Mumbai
Smartivity.in,Delhi
Tavaga,Mumbai
ZopHop,Mumbai
Instavans,Bangalore
LiftO,Mumbai
TinyOwl,Mumbai
Toppr.com,Mumbai
Kleeto,Gurgaon
TOFlo,Mumbai
FXMartIndia,Chandigarh
Stylecracker,Mumbai
Luxuryhues,Gurgaon
Zivame,Bangalore
Capillary Tech,Delhi
Jobspire,Bangalore
Vistaar Finance,Bangalore
HiJinny,Mumbai
Clapsnslaps,Mumbai
Blubox,Mumbai
RoomCentral,Bangalore
YouthKiAwaaz,Delhi
Sahayog Dairy,Bhopal
MockBank,Bangalore
ReportBee,Chennai
GuruG Learning,Bangalore
OnlineTyari,Gurgaon
The/Nudge Foundation,Bangalore
FitMeIn,Delhi
Envoged,Mumbai
Renomania,Delhi
CredR,Mumbai
YatraGenie,Hyderabad
CanvasFlip,Hyderabad
Shadowfax,Gurgaon
Tea Trails,Mumbai
Room on Call,Noida
FYNE,Bangalore
ChaiPoint,Bangalore
WedmeGood.com,Gurgaon
XSTOK,Mumbai
UniLog,Bangalore
Paintcollar,Mumbai
Bueno,Gurgaon
Plabro,Delhi
Briston Technomach,Delhi
LabStreet,Gurgaon
DailyNinja,Bangalore
Portea Medical,Bangalore
Neotrade Analytics,Bangalore
DishCo,Mumbai
ConnectAbank,Mumbai
VillFarm,Bangalore
Bestdealfinance,Mumbai
GameXS.in,Delhi
Virtual Logic,Bangalore
Furdo,Bangalore
LogiNext,Mumbai
Korra,Delhi
Credihealth,Gurgaon
Amigobulls,Bangalore
SilverPush,Gurgaon
Juggernaut,Delhi
Quintype,Bangalore
Capabiliti,Noida
Fourth Partner Energy,Hyderabad
TravelKhana,Delhi
Inmobi,Bangalore
Hugefly,Pune
Brigge,Chennai
Zakoopi,Delhi
LoanCircle,Bangalore
Infoworks,Bangalore
RedDoorz,Noida
FirstTouch,Gurgaon
Eywa Media,Bangalore
Ressy,Pune
Cuelearn,Delhi
The Home Salon,Mumbai
Jusride,Mumbai
Oyorooms,Delhi
Glowship,Bangalore
Wizrocket,Mumbai
Pickingo,Delhi
Grex,Pune
Zo Rooms,Delhi
Doormint,Mumbai
NightStay,Noida
Zocalo,Delhi
Sunday Realty Solutions,Mumbai
Klozee,Bangalore
Appvigil,Mumbai
practo,Bangalore
LoudShout,Delhi
Wetravelsolo,Delhi
Ketto,Mumbai
NDTV ecommerce venture,Mumbai
Carl\\xe2\\x80\\x99s Jr,Gurgaon
EasyRewardz,Mumbai
GIBSS,Mumbai
StoreMore.in,Noida
eSadar,Delhi
Actionable Analytics,Delhi
MyPoolin,Delhi
NearBuy (previously\\xc2\\xa0 groupon India),Delhi
Inkmonk,Chennai
ToneTag,Bangalore
Grey Orange,Gurgaon
Livspace,Bangalore
WOW! MOMO,Kolkata
Allygrow Technologies,Mumbai
Infogain,Delhi
etaout,Noida
IFMR Holdings,Chennai
Massblurb,Mumbai
VoxWeb,Mumbai
VanityCube,Delhi
Edu4Share,Delhi
Sampurnearth,Mumbai
Orobind,Bangalore
Fixy,Mumbai
MSM Box,Delhi
ShadowFax,Gurgaon
Gadgets 360,Delhi
IntelligenceNODE,Mumbai
HyperVerge,Chennai
Twyst,Gurgaon
IDfy,Mumbai
Zoojoo.be,Bangalore
Fashionove,Kolkata
TimeSaverz,Mumbai
MebelKart,Bangalore
LabsAdvisor,Delhi
Flatpebble,Hyderabad
Bluegape.com,Delhi
ePoise,Bangalore
Jolly Food Fellow,Ahmedabad
BookMeIn,Mumbai
iZofy,Kolkata
rBus,Mumbai
Qyk App,Bangalore
RevX,Mumbai
ICustomMadeIt,Pune
Belita,Mumbai
EzySolare,Ahmedabad
FoodTalkIndia,Gurgaon
Eazy Coach,Kolkata
Djubo.com,Delhi
BetterButter.in,Delhi
RollMafia,Pune
iamwire,Gurgaon
DropKaffe,Bangalore
Reverie,Bangalore
Infinite Analytics,Mumbai
Retigence Technologies,Mumbai
Cloudcherry Analytics,Chennai
HandyHome,Mumbai
NxtGen,Bangalore
BankBazaar,Chennai
Gozoomo,Bangalore
CultureAlley,Jaipur
Goqii,Mumbai
Stitchwood,Mumbai
ConfirmtTkt,Bangalore
Paper Boat,Gurgaon
getNow,Nagpur
Wudstay,Gurgaon
Liases Foras,Delhi
Eatlo,Bangalore
Quinto,Pune
Saavn,Mumbai
33Coupons,Kanpur
Ampere,Coimbatore
Hopping Chef,Mumbai
Collectabillia,Bangalore
Lybrate,Delhi
\\xc2\\xa0News in shorts,Noida
\\xc2\\xa0Bluestone,Bangalore
\\xc2\\xa0Shopsity,Gurgaon
\\xc2\\xa0Notesgen,Delhi
\\xc2\\xa0Infinity Assurance,Delhi
\\xc2\\xa0Footprints Education,Gurgaon
\\xc2\\xa0Loylty Rewards,Mumbai
\\xc2\\xa0Ameyo,Gurgaon
\\xc2\\xa0Mamagoto,Delhi
\\xc2\\xa0Satvacart,Gurgaon
MySmartPrice,Hyderabad
Boxmyspace,Mumbai
HackerRank,Bangalore
WoWexpress,Mumbai
InstaLively.com,Delhi
QuikWallet,Mumbai
Omnikart,Mumbai
ZenRadius,Bangalore
Joy by nature,Delhi
Iqlect,Bangalore
deGustibus,Mumbai
Myonsto,Ahmedabad
iCrushiFlush,Mumbai
HolidayIQ,Bangalore
BroEx,Gurgaon
Shopatplaces,Delhi
ManageMySpa,Hyderabad
Townrush,Bangalore
Bevy,Bangalore
Flipkart.com,Bangalore
Zimmber,Mumbai
trueHb,Delhi
Zovi.com / Little App,Bangalore
Swajal,Gurgaon
Pipa Bella,Mumbai
Pragmatix,Mumbai
Droom.in,Delhi
Noodle Play,Mumbai
Cartisan,Bangalore
LazyLad,Gurgaon
TripFactory,Bangalore
Prothom,Pune
Bona Vita,Gurgaon
Veeba Foods,Delhi
Meritnation,Delhi
Eattreatonline,Delhi
Glamrs,Mumbai
Proviera,Chennai
Arth DesignBuild,Hyderabad
Saama,Pune
AllIzHealth,Pune
Entropy Innovations,Mumbai
Propstack,Mumbai
Arkin Net,Pune
Little Black Book Delhi,Delhi
iCustomadeit,Pune
KAARYAH,Gurgaon
Zopper,Mumbai
kWatt Solutions,Mumbai
PosterGully,Delhi
Applied Solar Technologies,Mumbai
PayMango,Gurgaon
Printland,Delhi
Teritree,Bangalore
AdStringO,Mumbai
La Renon,Ahmedabad
Homelane,Bangalore
iSTAR,Bangalore
Shippr,Bangalore
FoodAbhi,Mumbai
Karma Recycling,Delhi
CouponRaja,Mumbai
Babychakra,Mumbai
Jiffstore,Bangalore
MyDentist,Mumbai
Moovo,Delhi
Hansa Customer Equity,Mumbai
CAKART.in,Bangalore
FundsIndia.com,Chennai
Cupick,Bangalore
Holachef,Mumbai
elong,Bangalore
SkillAngels,Chennai
Vidgyor,Bangalore
Banihal,Delhi
Goodservice,Delhi
EduKart,Delhi
Healthians.com,Hyderabad
LabInApp,Bangalore
Sigrid Education,Noida
The Porter,Mumbai
Retention.ai,Bangalore
Fusion Microfinance,Delhi
Zinka,Bangalore
GetMyPeon,Mumbai
AdWyze,Bangalore
aagaar.com,Gurgaon
Flatchat,Bangalore
MyCFO,Mumbai
Foodpanda,Gurgaon
Termsheet,Chennai
SpoonJoy,Bangalore
Seed Schools,Hyderabad
Ignis Careers,Hyderabad
Fintellix,Bangalore
Customer360,Mumbai
BuyHatke,Bangalore
KleverKid,Delhi
Uniken,Pune
GrandOpinion,Delhi
ZapStitch,Bangalore
Mobiefit,Goa
Plancess,Mumbai
WorkHorse,Mumbai
MyCuteOffice,Mumbai
IndianRoots.com,Gurgaon
RedPolka,Mumbai
Venturesity,Bangalore
TheBetterIndia.com,Bangalore
Akosha,Delhi
Cooey,Bangalore
MeetUniv,Noida
Crown-it,Gurgaon
Trucksfirst,Gurgaon
SunTerrace,Delhi
\\xc2\\xa0Nudgespot,Bangalore
EveningFlavors,Bangalore
ZenParent,Bangalore
Newgen Payments,Delhi
UrbanPro,Bangalore
Renderlogy,Hyderabad
Casa2inns,Delhi
FleetRover,Goa
TheKarrier,Bangalore
Truweight,Hyderabad
Bluegape,Gurgaon
KeepTrax,Dallas
InstaLively,Delhi
Pricejugaad,Hyderabad
PressPlay,Delhi
FirstCry.com,Pune
Olacabs,Bangalore
Changer Mints,Kolkata
Purple Squirrel,Mumbai
iMMi Life,Chennai
ZopNow,Bangalore
Nayi Disha,Delhi
Commeasure,Noida
LocalOye,Mumbai
PepperTap,Gurgaon
Robosoft,Udupi
Pastiwala,Vadodara
1mg (Healthkartplus),Gurgaon
Freshdesk,Chennai
Sulekha.com,Chennai
FindYahan,Delhi
Eat.Shop.Love,Bangalore
Craftstvilla,Mumbai
HeadOut,Bangalore
Phone Warrior,Delhi
Torqus,Pune
LogicRoots,Jaipur
GIBBS,Delhi
Babajobs,Bangalore
Jay Robotix,Hyderabad
Naaptol.com,Mumbai
ReGlobe,Gurgaon
Dazo,Bangalore
Tradelab,Bangalore
PiQube,Chennai
