startup,roundId
BYJU’S,round_0
Shuttl,round_1
Mamaearth,round_2
https://www.wealthbucket.in/,round_3
Fashor,round_4
Pando,round_5
Zomato,round_6
Ecozen,round_7
CarDekho,round_8
Dhruva Space,round_9
Rivigo,round_10
Healthians,round_11
Licious,round_12
InCred,round_13
Trell,round_14
Rein Games,round_15
Lenskart.com,round_16
Freshworks,round_17
Misters,round_18
Sunstone Eduversity Pvt. Ltd,round_19
Burger Singh,round_20
Healthians,round_21
Ninjacart,round_22
Aye Finance,round_23
SuperGaming,round_24
Clumio,round_25
eBikeGo,round_26
Digital Mall Asia,round_27
Medikabazaar,round_28
Vogo Automotive,round_29
Furtados School of Music,round_30
Paytm,round_31
Dunzo,round_32
Udaan,round_33
The Man Company,round_34
FPL Technologies,round_35
Cashflo,round_36
Digital F5,round_37
3rdFlix,round_38
75F,round_39
Myelin Foundry,round_40
Atomberg Technology,round_41
GOQii,round_42
Vyapar App,round_43
CarDekho,round_44
Progcap,round_45
MyPetrolPump,round_46
Alteria Capital,round_47
Pine Labs,round_48
Meesho,round_49
Cars24,round_50
Uniphore,round_51
Zendrive,round_52
Lo! Foods,round_53
Tala,round_54
INDwealth,round_55
HungerBox,round_56
AdmitKard,round_57
Mishry Reviews,round_58
Grofers,round_59
Rapido Bike Taxi,round_60
RenewBuy,round_61
Atlan,round_62
WizCounsel,round_63
Ola Cabs,round_64
Uniphore,round_65
Daalchini Technologies,round_66
"""BYJU\\'S""",round_67
Moglix,round_68
Ezyhaul,round_69
Indus OS,round_70
HealthAssure,round_71
House of Msasaba,round_72
Board Infinity,round_73
NoBroker,round_74
Bira91,round_75
FabHotels,round_76
Avail Finance,round_77
BharatPe,round_78
Recykal,round_79
Agara Labs,round_80
Sistema.bio,round_81
Chakr Innovation,round_82
Pratilipi,round_83
Bolo App,round_84
OkCredit,round_85
Biz2Credit,round_86
Vogo Automotive Pvt. Ltd.,round_87
Leegality,round_88
Ola Electric,round_89
Saahas Zero Waste,round_90
StyleDotMe,round_91
BlackBuck,round_92
Zenoti,round_93
Ather Energy,round_94
FreshVnF,round_95
GlowRoad,round_96
Bira91,round_97
Kuvera,round_98
Medlife,round_99
Kabadiwala,round_100
Tripoto,round_101
Azah,round_102
Setu,round_103
Toppr,round_104
Craftsvilla,round_105
Unacademy,round_106
CleverTap,round_107
My Healthcare,round_108
KrazyBee,round_109
Shuttl,round_110
Increff,round_111
FleetX,round_112
Zilingo,round_113
NanoClean Global,round_114
OyoRooms,round_115
CarDekho,round_116
Vyome Therapeutics Inc.,round_117
Samunnati Financial Intermediation & Services Pvt. Ltd,round_118
Manch,round_119
UrbanClap Technologies Pvt. Ltd,round_120
Guiddoo,round_121
Career Anna,round_122
Nagpur Wholesale,round_123
ShopKirana,round_124
BuildSupply,round_125
GoDesi,round_126
Veritas Finance Ltd.,round_127
Meesho,round_128
Mobile Premier League,round_129
A&R Bon Vivants,round_130
Blackbuck,round_131
MilkBAsket,round_132
DriveU,round_133
CleanseCar,round_134
Automation Anywhere,round_135
HealthifyMe,round_136
Genius Corner,round_137
Aavishkaar-Intellecap Group,round_138
Skillbox,round_139
Signzy,round_140
Engineer.ai,round_141
InCred Finance,round_142
Roposo,round_143
Northmist,round_144
Origo Commodities India Pvt. Ltd,round_145
Grover Zampa,round_146
Droom,round_147
Innov8,round_148
Blackbuck,round_149
LetsTransport,round_150
Netmeds,round_151
Udaan,round_152
Daily hunt,round_153
3HCare,round_154
HappyGoEasy,round_155
Nykaa,round_156
Mad Street Den,round_157
Dream11,round_158
MamaEarth,round_159
AutoGrid,round_160
Pharmeasy,round_161
Upwards,round_162
Kissht,round_163
dishq,round_164
HealthFin,round_165
Samosa Labs,round_166
ZiffyHomes,round_167
My OmNamo,round_168
ShopX,round_169
MakeMyTrip,round_170
Hansel io,round_171
Metro Bikes,round_172
Phone Pe,round_173
quizizz,round_174
Happy EMI,round_175
Inthree,round_176
Observe AI,round_177
Enakshi,round_178
EazyDiner,round_179
Finzy,round_180
RawPressery,round_181
Pi Ventures,round_182
Revv,round_183
ZestMoney,round_184
Shubh Loans,round_185
MyUpchar,round_186
Narvar,round_187
True North,round_188
Leena AI,round_189
Biryani By Kilo,round_190
Anchanto,round_191
Loan Tap,round_192
PolicyBazaar,round_193
zippserv,round_194
Groww,round_195
Avenue Growth,round_196
iNICU,round_197
Kinara Capital,round_198
Shop 101,round_199
Sambandh,round_200
19th mile,round_201
5th Vital,round_202
MEngage,round_203
Ofbusiness,round_204
Cars24,round_205
The Ken,round_206
Book My Show,round_207
HousingMan,round_208
PaySense,round_209
Yulu Bikes,round_210
VTION,round_211
Log9 Materials,round_212
kidovators,round_213
Digit,round_214
Black Soil,round_215
Trell,round_216
iqlect,round_217
Entropik,round_218
Bitla Software,round_219
TheCapitalNet,round_220
Shuttl,round_221
Cure Fit,round_222
Five Star Group,round_223
Healthsignz,round_224
CoinTribe,round_225
Digiconectt,round_226
Kashmir Box,round_227
Crowdera,round_228
Zoctr,round_229
Annapurna Finance,round_230
Meesho,round_231
AyeFinance,round_232
Theranosis,round_233
Alpha Capital,round_234
eshakti,round_235
Daily Ninja,round_236
NirogStreet,round_237
Nivesh,round_238
What\\xe2\\x80\\x99s Up Life,round_239
HomeLane,round_240
Network Intelligence,round_241
Tynor Othontics,round_242
Elucidata,round_243
Chrysalis,round_244
RentSher,round_245
Drip capital,round_246
WickedRide,round_247
PolicyBazaar,round_248
HipBar,round_249
Sqqrl,round_250
Paytm,round_251
Sigtuple,round_252
Wow Express,round_253
Front Desk AI,round_254
Edureka,round_255
Numeroseven,round_256
OpenTap,round_257
Bizongo,round_258
Disprz,round_259
PaisaDukan,round_260
i3sysytems,round_261
Earth Food,round_262
Nykaa,round_263
mfine,round_264
Rocketium,round_265
MilkBasket,round_266
Vola,round_267
Cashkumar,round_268
Edyoo,round_269
Aashiyaan,round_270
Smartivity,round_271
Bonphulapl,round_272
Acko,round_273
HWell24,round_274
Toffee,round_275
Tonetag,round_276
Events High,round_277
Stellaps,round_278
Credright,round_279
Fitternity,round_280
Synctag,round_281
Benepik,round_282
Finzy,round_283
Varthana,round_284
IndigoLearn,round_285
Vedantu,round_286
Kaleidofin,round_287
Pipabella,round_288
Elemential,round_289
Kriger Campus,round_290
Loanzen,round_291
TravelTriangle,round_292
Letsmd,round_293
AyeFinance,round_294
mintifi,round_295
icanstay,round_296
Pregbuddy,round_297
Coverfox,round_298
Lenskart,round_299
mamaearth,round_300
Fyle Technologies,round_301
True Balance,round_302
Visit,round_303
Doxper,round_304
Nykaa,round_305
Mihuru,round_306
Capital Float,round_307
Trip shelf,round_308
POPxo,round_309
RailYatri,round_310
1mg,round_311
Rubique,round_312
Samco,round_313
MyLoanCare,round_314
PharmEasy,round_315
Buddy4studdy,round_316
Urban Ladder,round_317
Kuvera,round_318
Gramophone,round_319
Wellthy,round_320
MedGenome,round_321
Finova Capital,round_322
Hotelogix,round_323
Livehealth,round_324
Ad2pro,round_325
Coverfox,round_326
Pepperfry,round_327
Magicpin,round_328
HealthCare,round_329
PineLabs,round_330
Stumagz,round_331
AvailFinance,round_332
Grofers,round_333
Fingerlix,round_334
Karma Healthcare,round_335
Zappfresh,round_336
CustomerSucessBox,round_337
One Labs,round_338
GigIndia,round_339
Chargebee,round_340
i2i Funding,round_341
Slang Labs,round_342
UrbanPiper,round_343
Cash Suvidha,round_344
Roadcast,round_345
Smartcoin,round_346
The Print,round_347
DriveU,round_348
Fynd,round_349
BigBasket,round_350
Zomato,round_351
Pratilipi,round_352
Asia Institute Of Medical Science,round_353
CollegeDekho,round_354
Foodmemories,round_355
Healthi,round_356
Swiggy,round_357
Shape,round_358
Icertis,round_359
healthifyme,round_360
MedTel,round_361
Rupeek,round_362
WebEngage,round_363
Lendingkart,round_364
Wydr,round_365
Cashify,round_366
holachef,round_367
Awaaz De,round_368
IMAX Program,round_369
Littlemore,round_370
Toppr,round_371
Shirsa Labs,round_372
MoneyOnMobile,round_373
PetSutra,round_374
Infibeam,round_375
happay,round_376
Fincash,round_377
AyeFinance,round_378
Agricxlab,round_379
Udaan,round_380
Capillary,round_381
The Healthy Billions,round_382
HighRadius,round_383
Avishkaar Box,round_384
Planys Technologies,round_385
Lollypop,round_386
Trilyo,round_387
Gaana,round_388
Credy,round_389
Predible Health,round_390
CleverTap,round_391
EarlySalary,round_392
WOTU,round_393
DAAKI,round_394
Lendingkart,round_395
Kinsane Entertainment Inc,round_396
Tapzo,round_397
Appario Retail Pvt Ltd.,round_398
Samunnati,round_399
Sahajanand Medical Technologies,round_400
Kuants,round_401
Razorpay,round_402
Streak,round_403
pi Ventures,round_404
Newgen Software,round_405
Rubix,round_406
ShareChat,round_407
Paperflite,round_408
HungerBox,round_409
Skillate,round_410
OptaCredit,round_411
AEON Learning,round_412
Milkbasket,round_413
NeoGrowth Credit,round_414
Rao IIT Academy,round_415
Aye Finance,round_416
Glassic,round_417
GreyAtom,round_418
Axio,round_419
eKincare,round_420
The Wedding Brigade,round_421
PeeSafe,round_422
BrowserStack,round_423
Scapic,round_424
MoneyOnMobile,round_425
CureFit,round_426
iNurture,round_427
Strata Enviro,round_428
Dunzo,round_429
Tata Housing,round_430
HandyTrain,round_431
Mobycy,round_432
Greenlight Planet,round_433
Fintobox,round_434
Mswipe,round_435
The Label Life,round_436
Cygnus Hospitals,round_437
eShakti,round_438
Inshorts,round_439
Vahdam Tea,round_440
Logic Roots,round_441
Project Mudra,round_442
Furlenco,round_443
I Can Stay,round_444
Fracktal Works,round_445
Simility,round_446
Shopholix,round_447
MindTickle,round_448
Nazara Technologies,round_449
DocsApp,round_450
Capita World,round_451
Tea Box,round_452
Transversal Technologies,round_453
Curofy,round_454
HomeLane,round_455
WeDoSky,round_456
Purplle,round_457
Cash Suvidha,round_458
Sky Met Weather,round_459
Springboard,round_460
Peel Works,round_461
9Stacks,round_462
Your Quote,round_463
Spandana Sphoorty,round_464
Indus OS,round_465
EasyEcom,round_466
IGP.com,round_467
Specsmakers,round_468
Garage On Road,round_469
Foyr.com,round_470
Prest Loans,round_471
AadharAPI.com,round_472
FreshBoxx,round_473
Vagupu,round_474
HalaPlay,round_475
Kalpnik Technologies,round_476
Hevo Data,round_477
Smart Karma,round_478
Leverage Edu,round_479
Crayon Data,round_480
DocTalk,round_481
CoveIoT,round_482
TalentEdge,round_483
Fisdom,round_484
FarmLink,round_485
OpenApp,round_486
NoPaperForms,round_487
Tilite Technologies Pvt. Ltd,round_488
Mobiliz AR,round_489
Qubole,round_490
Happily Unmarried,round_491
Universal Sportsbiz Pvt. Ltd,round_492
Hungry Foal,round_493
Active AI,round_494
Sumeru,round_495
ElderAid Wellness,round_496
Omnia Information,round_497
Josh Talks,round_498
Reniso,round_499
Kanhaiya,round_500
Perspectico,round_501
ONN Bikes,round_502
Rapido,round_503
Heckyl,round_504
Nuvepro,round_505
RedBook,round_506
Portea,round_507
Credit Mate,round_508
Epiq Capital,round_509
MiStay,round_510
WittyFeed,round_511
IDG Ventures,round_512
TempGo,round_513
Edelweiss,round_514
ERA,round_515
Smaaash,round_516
Chumbak,round_517
FR8,round_518
MobieFit,round_519
Stanza Living,round_520
ChqBook,round_521
HomeCapital,round_522
Ola Cabs,round_523
Elanic,round_524
CollPoll,round_525
PhonePe,round_526
Little Black Book,round_527
Oorjan,round_528
Zefo,round_529
Yaantra,round_530
Farm Taaza,round_531
Drivezy,round_532
Slice Pay,round_533
Agrowave,round_534
MyGubbi,round_535
IBSFintech,round_536
Letsservice,round_537
OneStepUp,round_538
ThirdWatch,round_539
Parallel Dots,round_540
Easy Diner,round_541
Meesho,round_542
StanPlus,round_543
UCLID,round_544
Policy Bazaar,round_545
Gapoon,round_546
Chaayos,round_547
KrazyBee,round_548
Renew Buy,round_549
Fingerlix,round_550
Bank Bazaar,round_551
Hasura,round_552
BlackBuck,round_553
LenDen Club,round_554
Toppr,round_555
RAW Pressery,round_556
Cashe,round_557
Park Easy,round_558
TagBox,round_559
FYRE,round_560
ZipLoan,round_561
Skillenza,round_562
Chevon,round_563
PropStory,round_564
SpotDraft,round_565
Big Basket,round_566
OfBusiness,round_567
Olly Credit,round_568
CashFree,round_569
Ola Cabs,round_570
GoldFarm,round_571
NetMeds,round_572
MSE,round_573
Aahaa Stores,round_574
MFine,round_575
Canvera,round_576
PrimaryIO,round_577
Shubh Loans,round_578
Nest Education,round_579
Lending Kart,round_580
GoFro,round_581
OncoStem,round_582
Power2SME,round_583
Credit Vidya,round_584
Tails Life,round_585
OYO Rooms,round_586
Early Salary,round_587
MamaEarth,round_588
Seniority,round_589
AYE Finance,round_590
Farmizen,round_591
Ecom Express,round_592
Call Health,round_593
Sattviko,round_594
3HCare,round_595
Tonbo Imaging,round_596
Get My Parking,round_597
WittyFeed,round_598
Glowroad,round_599
OYO Rooms,round_600
Unacademy,round_601
Heterogenous,round_602
Gurukul,round_603
Smaaash,round_604
WheelStreet,round_605
Xprep,round_606
The Moms Co,round_607
Noticeboard,round_608
High Radius,round_609
HWell24 Plus,round_610
SaveBC,round_611
Gaming Monk,round_612
91SpringBoard,round_613
Homergize,round_614
Yatra.com,round_615
Ace Turtle,round_616
Vogo,round_617
Synup,round_618
Tinmen,round_619
Cropin,round_620
Rapido,round_621
Sportobuddy,round_622
Credifiable,round_623
Inclov,round_624
Multibhashi,round_625
Transerve,round_626
Fashalot,round_627
Pitstop,round_628
GoChoppers,round_629
MyUpchar,round_630
Aadyah,round_631
TouchKin,round_632
Ethinos,round_633
Leverage Edu,round_634
Zepo,round_635
Click2Clinic,round_636
SpeedBox,round_637
Skill Connect,round_638
Chai Point,round_639
Zoctr,round_640
Lime Tray,round_641
CoutLoot,round_642
Box My Space,round_643
Curatio,round_644
New Castle Technologies,round_645
My Forex Eye,round_646
TruxApp,round_647
CroFarm,round_648
DoodhWala,round_649
Stayabode,round_650
Flipkart,round_651
Moong Labs,round_652
Ola Cabs,round_653
Sports Flashes,round_654
Digilend,round_655
KNAB Finance,round_656
Get Simpl,round_657
Rootefy,round_658
Uniphore,round_659
Cerebroz,round_660
Flochat,round_661
EasyGov,round_662
Milk Basket,round_663
Dhruva,round_664
Bombay Shaving Company,round_665
Awign,round_666
Indiez,round_667
Ezetap,round_668
Ink Monk,round_669
Medinfi,round_670
Mobikon,round_671
CureFit,round_672
Doxper,round_673
Fieldassist,round_674
Treebo,round_675
MedGenome,round_676
Billion Loans,round_677
Ecolibriumenergy,round_678
Droom,round_679
Jumbotail,round_680
Moglix,round_681
Timesaverz,round_682
Minjar,round_683
MyCity4kids,round_684
Clip App,round_685
Upwardly.in,round_686
Autorox.co,round_687
Fabogo,round_688
Flickstree,round_689
Design Cafe,round_690
Innoviti,round_691
VDeliver,round_692
Bottr.me,round_693
Arcatron,round_694
QwikSpec,round_695
Chumbak,round_696
Increff,round_697
Vayana,round_698
MObiquest,round_699
Ambee,round_700
Ideal Insurance,round_701
Hypernova Interactive,round_702
Rentomojo,round_703
AirCTO,round_704
Playablo,round_705
Trupay,round_706
Brick2Wall,round_707
FableStreet,round_708
Monsoon Fintech,round_709
MonkeyBox,round_710
Noticeboard,round_711
Byju\\xe2\\x80\\x99s,round_712
Creator\\xe2\\x80\\x99s Gurukul,round_713
Fab Hotels,round_714
ThinkerBell,round_715
1mg,round_716
Jhakaas,round_717
BigStylist,round_718
Gympik.com,round_719
Tripeur,round_720
RentOnGo,round_721
Goomo,round_722
MaxMyWealth,round_723
Spinny,round_724
Healthbuds,round_725
Ftcash,round_726
BHIVE Workspace,round_727
wayForward,round_728
GyanDhan,round_729
Hungry Foal,round_730
ZipLoan,round_731
GrowFitter,round_732
Stratfit,round_733
Multiplier Solutions,round_734
ABI Health,round_735
Stockal,round_736
Guidoo,round_737
eSahai.in,round_738
Loanmeet,round_739
LendingKart,round_740
Boxx.ai,round_741
PeeSafe.in,round_742
Vista Rooms,round_743
CoverFox,round_744
HyperTrack,round_745
Goodera,round_746
Digit,round_747
Ola,round_748
Vanitycask,round_749
MrNeeds,round_750
MoneyTap,round_751
Goodbox,round_752
Fincash,round_753
PortDesk,round_754
EdgeFx,round_755
EazyDiner,round_756
HealthIntel,round_757
Unbxd,round_758
DarwinBox,round_759
ForeverShop,round_760
Insider.in,round_761
Fynd,round_762
Grow Fit,round_763
Fabulyst,round_764
mSwipe,round_765
OneAssist,round_766
Julia Computing,round_767
Kissht,round_768
Explore Life traveling,round_769
Loantap,round_770
Voxweb,round_771
HUG Innovations,round_772
Flipkart,round_773
V Resorts,round_774
Stashfin,round_775
Formcept,round_776
Spares Hub,round_777
FiTraQ,round_778
Rubique,round_779
Niki.ai,round_780
Fitpass,round_781
ZingHR,round_782
Tagos Design,round_783
UrbanClap,round_784
Ace2three,round_785
Power2SME,round_786
Innovapptive,round_787
4tigo,round_788
SMECorner,round_789
ZippServe,round_790
Ola,round_791
Sumeru,round_792
Healthians,round_793
HealthMir,round_794
Uactive,round_795
i-lend,round_796
Good Methods Global,round_797
Balance App,round_798
YepMe,round_799
Nightstay,round_800
Devourin,round_801
MyGreens,round_802
Ace Turtle,round_803
CureFit,round_804
Curie Labs,round_805
Uncanny Vision,round_806
Anchanto,round_807
Sequretek,round_808
Lucideus,round_809
Vidooly,round_810
Shopclues,round_811
Fourth Ambit,round_812
Chymera VR,round_813
Early Salary,round_814
Book My Diamond,round_815
ION Energy,round_816
Legal Raasta,round_817
Log 9 Materials,round_818
Remit Guru,round_819
Aequm,round_820
Zapty,round_821
Vernacular.ai,round_822
Niki.ai,round_823
Telr,round_824
Fynd,round_825
Genie,round_826
Paysense,round_827
The Good Life,round_828
PumpKart,round_829
Paytm,round_830
EzCred,round_831
HealthSutra,round_832
YepMe,round_833
Delhivery,round_834
ZipGrid,round_835
TravelSpice,round_836
Magicpin,round_837
The Print,round_838
Box8,round_839
GenNext Students,round_840
Aye Finance,round_841
WhatsLoan,round_842
Cube Consumer Services,round_843
Nivesh,round_844
Wowflux,round_845
Collateral Medical,round_846
Loadshare,round_847
SimpliLend,round_848
Supr Daily,round_849
Swiggy,round_850
SastaSundar,round_851
Magicpin,round_852
Cashe,round_853
Eruditus,round_854
TestBook,round_855
Healthcare at Home,round_856
Tyre Express,round_857
SmartCoin,round_858
WayCool,round_859
Perfios,round_860
Whatfix,round_861
ElastiRun,round_862
Trukky,round_863
Konsult App,round_864
Credit Sudhaar,round_865
Fingerlix,round_866
DataWeave,round_867
Medwell Ventures,round_868
Mech Mocha,round_869
Startup Buddy,round_870
QorQI,round_871
Twenty Two Motors,round_872
PharmEasy,round_873
WonderChef,round_874
FastFox,round_875
Omnify,round_876
Capital Float,round_877
Ninjacart,round_878
MergerWare,round_879
Sports Flashes,round_880
Clovia,round_881
Emiza,round_882
HackerEarth,round_883
Squadrun,round_884
Tinmen,round_885
ScoutMyTrip,round_886
SafetyKart,round_887
WeAreHolidays,round_888
Ola Cabs,round_889
Myly,round_890
CrediHealth,round_891
Navia Life Care,round_892
Raw Pressery,round_893
Snackible,round_894
Be U Salons,round_895
Simulanis,round_896
LendingKart,round_897
Innefu Security Consulting,round_898
Whodat,round_899
Absentia VR,round_900
IOTrek,round_901
HolaChef,round_902
Wooplr,round_903
Video Ken,round_904
Faasos,round_905
Oyo Rooms,round_906
Toppr,round_907
Niramai,round_908
The Office Pass,round_909
UrbanClap,round_910
Awfis,round_911
Myra,round_912
Flytxt,round_913
Howdy Ventures,round_914
StalkBuyLove,round_915
ZipGo,round_916
Scootsy,round_917
Autobix,round_918
eShiksha,round_919
iNurture,round_920
Sepalika,round_921
Mintwalk,round_922
Qriyo,round_923
Ola,round_924
Belong,round_925
Seenit,round_926
Paalak,round_927
Celes Care,round_928
Karomi,round_929
Red Carpet,round_930
Kreate Konnect,round_931
CreditMantri,round_932
Lets Endorse,round_933
Tydy,round_934
Nactus,round_935
Oho Shop,round_936
Emojifi,round_937
Paytm Marketplace,round_938
iGenetics,round_939
Juno Clinic,round_940
Summerlabel,round_941
PickMe,round_942
Agrostar,round_943
Zapr,round_944
Data Resolve,round_945
Book Servicing,round_946
Blowhorn,round_947
Rivigo,round_948
PipeCandy,round_949
Supr Daily,round_950
Parentune,round_951
AppBrowzer,round_952
MagicBricks,round_953
PeeBuddy,round_954
iOrderFresh,round_955
Lavelle Networks,round_956
PropertyShare,round_957
MyDermacy,round_958
LatestOne,round_959
Frapperz,round_960
mPaani,round_961
ShilpMIS,round_962
POPxo,round_963
Fitso,round_964
FarMart,round_965
Flipkart,round_966
Airpay,round_967
MyGlamm,round_968
The Mons Co.,round_969
Haqdarshak,round_970
Ixigo,round_971
Markets and Markets,round_972
Bizom,round_973
BabyonBoard,round_974
Delhivery,round_975
Sport Flashes,round_976
Fynd,round_977
Wigzo,round_978
DoneThing,round_979
Zapyle,round_980
Ithaka,round_981
perpule,round_982
Byju\\xe2\\x80\\x99s,round_983
Licious,round_984
Medinfi,round_985
Indus OS,round_986
Emflux Motors,round_987
Klinic App,round_988
Jhakaas,round_989
Oriano Solar,round_990
BigBasket,round_991
Rooter,round_992
FalconBrick,round_993
Icertis,round_994
Clodura,round_995
Stockroom.io,round_996
Capital Float,round_997
iManageMyHotel,round_998
Inner Hour,round_999
Travel Triangle,round_1000
Wandertrails,round_1001
Zenatix,round_1002
Cartrade,round_1003
MindYourFleet,round_1004
Edurev,round_1005
Voonik,round_1006
1Crowd,round_1007
Wooplr,round_1008
48East,round_1009
Redesyn,round_1010
Sigtuple,round_1011
Flutura,round_1012
Wassup,round_1013
Better Mortgage,round_1014
Nurturey,round_1015
Fyle,round_1016
GoBumpr,round_1017
CCAvenue,round_1018
Connaizen,round_1019
Innov8,round_1020
ZestMoney,round_1021
AirZaar,round_1022
Truebil,round_1023
YourStory,round_1024
Imaginate,round_1025
The Ken,round_1026
Urban Ladder,round_1027
Aisle,round_1028
TownScript,round_1029
Leopetra,round_1030
Blood n Care,round_1031
Flipkart,round_1032
True Balance,round_1033
Vebbler,round_1034
Get My Parking,round_1035
Lets Reap,round_1036
Oglas,round_1037
Staydobe,round_1038
Biryani By Kilo,round_1039
Johari Shop,round_1040
NeoStencil,round_1041
Blackbuck,round_1042
TaxSutra,round_1043
TempoGo,round_1044
GoFynd,round_1045
Vow Car Clinic,round_1046
LearnTron,round_1047
MobiDent,round_1048
Yostra,round_1049
Leap India,round_1050
FreeCharge,round_1051
TicketNew,round_1052
Intelligence Node,round_1053
Securens,round_1054
Loan Frame,round_1055
DriveSkool,round_1056
Medinfi,round_1057
LensKart,round_1058
InstaOffice,round_1059
Hansel.io,round_1060
Square Yards,round_1061
Roambee,round_1062
PaisaWapas,round_1063
iService,round_1064
Unacademy,round_1065
SecururAX,round_1066
Leadburg,round_1067
ZoloStays,round_1068
Oi Media,round_1069
HipCouch,round_1070
Curiositi,round_1071
TinyStep,round_1072
Practo,round_1073
Ketchupp,round_1074
Hoopy,round_1075
Ezytruk,round_1076
Kratikal,round_1077
Direct Create,round_1078
Vahdam Teas,round_1079
Qwikspec,round_1080
PParke,round_1081
Weddingz.in,round_1082
Native Special,round_1083
Fitnapp,round_1084
Ethosh,round_1085
Wydr,round_1086
Tyre Express,round_1087
Connaizen,round_1088
MessaGif,round_1089
SmartHi,round_1090
CRON Systems,round_1091
CueMath,round_1092
ChipperSage,round_1093
SelectJobs,round_1094
Khel Now,round_1095
NowFloats,round_1096
Lets Transport,round_1097
BetaOut,round_1098
Wishberry,round_1099
RML Agtech,round_1100
LoyaltyPrime,round_1101
InstaSafe,round_1102
Infibeam,round_1103
99Games,round_1104
AirMed Labs,round_1105
99PerHour,round_1106
Kochi Post,round_1107
Intuit Things,round_1108
Cloudrino,round_1109
FabX,round_1110
Maptags,round_1111
YOLO Health,round_1112
Heads Up For Tails,round_1113
Register My Marriage,round_1114
SidQam,round_1115
India Lends,round_1116
Slide App,round_1117
Badiyajobs,round_1118
Streo,round_1119
TYGR,round_1120
Mr Hot Foods,round_1121
UrDoorStep,round_1122
ONN Bikes,round_1123
Diro Labs,round_1124
THB,round_1125
LookAtMe,round_1126
Netree,round_1127
BookEventz,round_1128
Tailslife,round_1129
Revv,round_1130
WealthApp,round_1131
Vehico,round_1132
Zest Money,round_1133
GoMechanic,round_1134
Stalk Buy Love,round_1135
Nykaa,round_1136
Wittyparot,round_1137
NeuroEquilibrium,round_1138
Xseed Education,round_1139
Rupaiya Exchange,round_1140
Doctor Insta,round_1141
UrbanPiper,round_1142
Fresh Food Concepts,round_1143
Indifi,round_1144
GoComet,round_1145
OfBusiness,round_1146
Fitmein,round_1147
Qacco,round_1148
Fitpass,round_1149
MoEngage,round_1150
Ten3t Health,round_1151
Trading Bells,round_1152
SERV\\xe2\\x80\\x99D,round_1153
IdeaForge,round_1154
Amagi Media Labs,round_1155
Pocket Aces,round_1156
Pi Data Centers,round_1157
TripShelf,round_1158
Events High,round_1159
NoBroker,round_1160
VivoCarat,round_1161
Tiyo,round_1162
Zoomcar,round_1163
BYJU\\xe2\\x80\\x99s,round_1164
Supr Daily,round_1165
The BlueBook,round_1166
MamaEarth,round_1167
Vegetall,round_1168
Innoplexus,round_1169
Mindler,round_1170
MCaffeine,round_1171
enKast,round_1172
ShopKirana,round_1173
MyAdvo,round_1174
Asocon,round_1175
LexComply,round_1176
The Postbox,round_1177
Pandorum Technologies,round_1178
Dekkho,round_1179
Shadowfox,round_1180
ShopX,round_1181
BookEventz,round_1182
Healthifyme,round_1183
LetsMD,round_1184
Justbooks,round_1185
InstantPay,round_1186
PickMyLaundry,round_1187
FreshDesk,round_1188
LaundryAnna,round_1189
LetsMD,round_1190
Sattviko,round_1191
Zarget,round_1192
DoSelect,round_1193
EasyPolicy,round_1194
Browntape,round_1195
Connect India,round_1196
Corseco,round_1197
vImmune,round_1198
The Gourmet Jar,round_1199
Medzin,round_1200
Bizongo,round_1201
Rivigo,round_1202
JustRide,round_1203
IIM Jobs,round_1204
Square Yards,round_1205
GolfLAN,round_1206
Yottaasys,round_1207
Tone Tag,round_1208
Life in Control,round_1209
Active.ai,round_1210
ElasticRun,round_1211
NoBroker,round_1212
Zefo,round_1213
PlaySimple,round_1214
Stasis Labs,round_1215
Scienaptic,round_1216
Koovs,round_1217
Lawrato,round_1218
Trip Tap Toe,round_1219
Pictor Imaging,round_1220
GramCover,round_1221
AerMed,round_1222
WorkIndia,round_1223
Bats on delivery,round_1224
numberz.in,round_1225
Housing.com,round_1226
Awesummly,round_1227
VoLT,round_1228
Vymo,round_1229
ShubhLoans,round_1230
Noddapp,round_1231
Knowlarity,round_1232
Infisecure,round_1233
Udaan,round_1234
FroyoFit,round_1235
Betterplace,round_1236
ShareChat,round_1237
UClean,round_1238
Servify,round_1239
Hubilo,round_1240
FunOnGo,round_1241
121Policy,round_1242
TapChief,round_1243
Kloseby,round_1244
WholeSaleBox,round_1245
Crossahead,round_1246
Affordplan,round_1247
HandyTrain,round_1248
ShopsUp,round_1249
Indofash,round_1250
Entropika,round_1251
MarianaIQ,round_1252
Chai Thela,round_1253
Interviewpad,round_1254
Math Buddy,round_1255
Pulse,round_1256
MonkeyBox,round_1257
Carcrew.in,round_1258
MeraKisan,round_1259
Mystifly,round_1260
HelpChat,round_1261
Uniphore,round_1262
World Art Community,round_1263
Giftxoxo,round_1264
Bharat Bazaar,round_1265
GOQii,round_1266
India Gifts Portal,round_1267
Moglix,round_1268
NetLinx,round_1269
Scandid,round_1270
Remitr,round_1271
InnerChef,round_1272
AppsDaily,round_1273
MuhurtMaza,round_1274
Azuro,round_1275
NeuroSynaptic,round_1276
UE LifeSciences,round_1277
FindmeaShoe,round_1278
RealBox,round_1279
Sportido,round_1280
GoZefo,round_1281
RayIOT,round_1282
KOOH Sports,round_1283
Flexiloans,round_1284
Sibia Analytics,round_1285
Vithi.com,round_1286
Yupp TV,round_1287
Deyor Camps,round_1288
ZipLoan,round_1289
FabAlley,round_1290
Shoekonnect,round_1291
Maya,round_1292
RoboVac,round_1293
Newspatrolling,round_1294
Postman,round_1295
ISFC,round_1296
BeatRoute,round_1297
Kidsstoppress,round_1298
Innov8,round_1299
DailyHunt,round_1300
Tazzo Bikes,round_1301
MyKindofJob,round_1302
Trilyo,round_1303
Rooter,round_1304
Yumigo,round_1305
Rentalpha,round_1306
3Dexter,round_1307
BabyChakra,round_1308
Coppre,round_1309
MySUN,round_1310
ePathsala,round_1311
Furlenco,round_1312
Fisdom,round_1313
Actofit,round_1314
Stayology,round_1315
Hipcask,round_1316
RailYatri,round_1317
ChatOnGo,round_1318
WOTU,round_1319
Healthians,round_1320
Box8,round_1321
Kredx,round_1322
CreditMate,round_1323
Pickrr,round_1324
SatvaKart,round_1325
SooperMO,round_1326
OrangeTwig,round_1327
Wooplr,round_1328
The Kettlery,round_1329
Idea Bubbles,round_1330
FR8,round_1331
Ather Energy,round_1332
Pikkol,round_1333
Velmenni,round_1334
Volta Motors,round_1335
Cyclops,round_1336
Impact Analytics,round_1337
Talent Next,round_1338
Mad Street Den,round_1339
Mihup,round_1340
Renowala,round_1341
Lucideus,round_1342
Trackbizz,round_1343
Social Quotient,round_1344
Stalk Buy Love,round_1345
eShakti,round_1346
CheersOye!,round_1347
Lenskart,round_1348
BigStylist,round_1349
Zilingo,round_1350
Alternacare,round_1351
Simplilearn,round_1352
Prozo,round_1353
TopRankers,round_1354
BuildTraders,round_1355
Byju\\xe2\\x80\\x99s,round_1356
NoBroker,round_1357
Freshboxx,round_1358
CureInstant,round_1359
Poshtic,round_1360
KarmaCircles,round_1361
Purple Style Labs,round_1362
Inuxu,round_1363
Nykaa,round_1364
Glam Studios,round_1365
Findow,round_1366
IdeaChakki,round_1367
ShoeKonnect,round_1368
NearBuy,round_1369
ZeroInfy,round_1370
Flocareer,round_1371
LensPick,round_1372
infeedo,round_1373
Furlenco,round_1374
GoPigeon,round_1375
NewsDistill,round_1376
DoctorInsta,round_1377
Milofy,round_1378
Liqvid,round_1379
Swiggy,round_1380
Codemojo,round_1381
JustLikeNew,round_1382
JoeHukum,round_1383
Co Life,round_1384
PurpleDocs,round_1385
Pepperfry,round_1386
eQuickies,round_1387
Khel Now,round_1388
Gadgetwood,round_1389
DailyRounds,round_1390
Flixy Games,round_1391
HashTaag,round_1392
PharmaRack,round_1393
\\xc2\\xa0CloudCherry,round_1394
Parentlane,round_1395
First Moms Club,round_1396
inMotion,round_1397
Let\xe2\x80\x99s Barter,round_1398
EvenGini,round_1399
TinyStep,round_1400
Canvs,round_1401
Beardo,round_1402
Instacar,round_1403
Celes Care,round_1404
Druva,round_1405
Promon,round_1406
Fastudent,round_1407
Unocoin,round_1408
Demyto,round_1409
Zeta,round_1410
Kalaage,round_1411
HealthKart,round_1412
Medinfi,round_1413
RepairEasy,round_1414
Voonik,round_1415
Tokri,round_1416
Sheroes,round_1417
Daily Ninja,round_1418
Yumlane,round_1419
Xcode,round_1420
ExtraCarbon,round_1421
FlickBay,round_1422
Petoo,round_1423
lehlehsports,round_1424
Tricog,round_1425
VST Travels,round_1426
AdPushUp,round_1427
Wefly Indoor Skydiving,round_1428
Mojarto,round_1429
Zipgrid,round_1430
MobiDent,round_1431
Zeolr/RespirON,round_1432
Vebbler,round_1433
Bombay Shaving Company,round_1434
Travelyaari,round_1435
91SpringBoard,round_1436
Genextstudents,round_1437
Zenoti,round_1438
Crofarm,round_1439
Faircent.com,round_1440
Innovaccer,round_1441
Cuberoot,round_1442
Funcastic,round_1443
Buttercups,round_1444
Zappfresh,round_1445
OyoRooms,round_1446
Hike,round_1447
Joolz,round_1448
SaleBhai,round_1449
Makkajai,round_1450
Gradopedia,round_1451
MaalGaadi,round_1452
ZiPi,round_1453
Appknox,round_1454
Pikkol,round_1455
Meesho,round_1456
Sesame Software,round_1457
Quikr,round_1458
Digio,round_1459
Ziffity,round_1460
Zzungry,round_1461
Puro Wellness,round_1462
Fitternity,round_1463
TAC Security,round_1464
Notesgen,round_1465
NearU,round_1466
Octo.ai,round_1467
ShaadiSaga,round_1468
UnaAcademy,round_1469
Advenio,round_1470
Guarented,round_1471
Beyond Evolution,round_1472
Uber Dreams,round_1473
Convegenius,round_1474
UrbanLadder,round_1475
enCashea,round_1476
EngineerBabu,round_1477
Cult,round_1478
WitWorks,round_1479
NearFox,round_1480
ZoomCar,round_1481
Plix,round_1482
Mobikwik,round_1483
MyDidi,round_1484
CrownIt,round_1485
LoanTap,round_1486
Runnr,round_1487
Zolo,round_1488
Notion Press,round_1489
LivSpace,round_1490
iAugmentor Labs,round_1491
DayBox,round_1492
Paytm,round_1493
CropIn,round_1494
Canvera,round_1495
Prime Focus Technologies,round_1496
Flyrobe,round_1497
inclov,round_1498
RazorPay,round_1499
DarwinBox,round_1500
Venture Catalysts,round_1501
PressPlay TV,round_1502
Playment,round_1503
WealthTrust,round_1504
Curefit,round_1505
StitchWood,round_1506
Grab.in,round_1507
Fulfil.IO,round_1508
NeoGrowth,round_1509
SeeDoc,round_1510
BookMyShow,round_1511
Flyrobe,round_1512
HappilyUnmarried,round_1513
Don\\xe2\\x80\\x99t Scratch Your Head,round_1514
Wedding Wishlist,round_1515
AppDaily,round_1516
Adytude,round_1517
Quickli,round_1518
SpectraVR,round_1519
Pitstop,round_1520
HolaChef,round_1521
Purplle,round_1522
Trak N Tell,round_1523
Overcart.com,round_1524
SirionLabs,round_1525
GyanDhan,round_1526
MintM,round_1527
HitGrit,round_1528
Find My Stay,round_1529
YAAP,round_1530
Utoo Cabs,round_1531
Twigly,round_1532
ShareChat,round_1533
Urban Tailor,round_1534
RentMojo,round_1535
CityFurnish,round_1536
HEAL Institute,round_1537
Augrav,round_1538
ShoppinPal,round_1539
TransTutors / AskIITians,round_1540
WorkApps,round_1541
BankerBay,round_1542
BaggOut,round_1543
TripShelf,round_1544
SatvaCart,round_1545
Ridlr,round_1546
Yellowdig,round_1547
Zuppler,round_1548
BlueStone,round_1549
underDOGS,round_1550
ImageProVision,round_1551
Sagacito,round_1552
Deal4Loans / Wishfin,round_1553
NiYO Solutions,round_1554
AppLop,round_1555
Tax2Win,round_1556
Truckola,round_1557
iServe Financial,round_1558
MyTaxiIndia,round_1559
AbeRuk,round_1560
Wiwigo,round_1561
Drums Food,round_1562
Chikoop,round_1563
BRIDGEi2I,round_1564
Droom,round_1565
Visit,round_1566
Atomberg,round_1567
Coutloot,round_1568
Limo,round_1569
iCliniq,round_1570
GoGo Truck,round_1571
Vyome Biosciences,round_1572
SillyMonks,round_1573
CueMath,round_1574
KrazyBee,round_1575
Intgrea,round_1576
HelpShift,round_1577
CreditVidya,round_1578
Grey Campus,round_1579
ListUp,round_1580
6Degree,round_1581
Shopwati,round_1582
Cookifi,round_1583
StoreKing,round_1584
Wired Hub,round_1585
MySeniorDoctor,round_1586
Teabox,round_1587
ExtraaEdge,round_1588
EPayLater,round_1589
Kyazoonga,round_1590
Paytunes,round_1591
Kickstart Jobs,round_1592
Freshee,round_1593
MadRat Games,round_1594
Jazzmyride,round_1595
AutoSense,round_1596
Redsun Telematics,round_1597
KhanaGadi,round_1598
Bombay Shirt Company,round_1599
Matrubharti,round_1600
EdTechReview,round_1601
Bonhomia,round_1602
Gobolt,round_1603
Jivox,round_1604
Sminq,round_1605
CureJoy,round_1606
Oneway.cab,round_1607
GrabOnRent,round_1608
Diro Labs,round_1609
Unnati Helpers,round_1610
Athletto,round_1611
Saavn,round_1612
Voonik,round_1613
ThinkPhi,round_1614
Cleartax,round_1615
Silvan Innovation Labs,round_1616
GreytHR,round_1617
Duffl,round_1618
BYG,round_1619
Dipper,round_1620
Qonfuse,round_1621
The Indian IRIS,round_1622
Onspoon,round_1623
REstate,round_1624
Cleartrip,round_1625
ProcMart,round_1626
Celerix,round_1627
NatureNama,round_1628
CyclopsMedtech,round_1629
Syona Cosmetics,round_1630
PrettySecrets,round_1631
SpiderG,round_1632
FarEye,round_1633
The Uolo,round_1634
Staqu,round_1635
Padhopadhao,round_1636
Drivify,round_1637
PratiLipi,round_1638
ParaBlu,round_1639
Schedulers Logistics,round_1640
LEAP India,round_1641
KabadiExpress,round_1642
YourDost,round_1643
Gomalon,round_1644
Voler Cars,round_1645
Travelyaari,round_1646
FabHotels,round_1647
Locanix,round_1648
LendingKart,round_1649
Hello Tax,round_1650
MySuperBrain,round_1651
BlogBeats,round_1652
LetReach,round_1653
TrendieApp,round_1654
ImpactGuru,round_1655
Velvetcase,round_1656
Meru Cabs,round_1657
Campus Diaries,round_1658
Scripbox,round_1659
Biryani Blues,round_1660
MotoMojo,round_1661
Get My Parking,round_1662
Prescribez,round_1663
Airwood,round_1664
Mobikwik,round_1665
iDreamCareer,round_1666
Zwayam,round_1667
BoiBanit,round_1668
Zuver,round_1669
Prepathon,round_1670
EasyRoads,round_1671
Lenskart,round_1672
Seclore,round_1673
SolarTown,round_1674
Comarete,round_1675
MyDentistChoice,round_1676
Active.ai,round_1677
Affordplan,round_1678
Indee,round_1679
Unbxd,round_1680
WebAlligator,round_1681
EduAce Services,round_1682
Meesho,round_1683
Zebroads,round_1684
Locus,round_1685
Toko Innovations,round_1686
Rentickle,round_1687
HealthifyMe,round_1688
Zarget,round_1689
InnoNano Research,round_1690
SchoolWear,round_1691
Swiggy,round_1692
Zenify,round_1693
Faircent,round_1694
Fractal Analytics,round_1695
Unacademy,round_1696
Capital Float,round_1697
Life Circle,round_1698
Dream Wallets,round_1699
ShabdNagari,round_1700
Galleri5,round_1701
Derbii,round_1702
StayZilla,round_1703
WoW Express,round_1704
Smartivity,round_1705
BedBathMore,round_1706
Murgency,round_1707
Crownit,round_1708
Blinge,round_1709
TheSmartQ,round_1710
PurpleHealth,round_1711
Fundamentor,round_1712
EduPristine,round_1713
BhiveWorkspace,round_1714
Parentlane,round_1715
Appie,round_1716
Niki.ai,round_1717
TaxiVaxi,round_1718
Veqta,round_1719
i2ifunding,round_1720
EduRev,round_1721
Hoppingo,round_1722
Eatonomist,round_1723
Goalwise,round_1724
Roast,round_1725
Address Health,round_1726
Arcatron Mobility,round_1727
SheThePeople,round_1728
Cleartax,round_1729
Consure Medical,round_1730
mChamp,round_1731
Pianta,round_1732
Vahanalytics,round_1733
Play Your Sport,round_1734
Koovs,round_1735
CCavenue,round_1736
1mg,round_1737
Tpot,round_1738
MachaDalo,round_1739
Dil Mil,round_1740
PicsDream,round_1741
Process 9,round_1742
Housing,round_1743
Roll Mafia,round_1744
Hungama,round_1745
Highway Delite,round_1746
Cult Fitness,round_1747
Haptik,round_1748
Servify,round_1749
Shipsy,round_1750
gear6,round_1751
MyGlamm,round_1752
Petoo,round_1753
Truly Social,round_1754
Little Black Book,round_1755
Vahan,round_1756
imedilane,round_1757
Living Local,round_1758
Vegfru,round_1759
Oyo,round_1760
PriceRaja,round_1761
MagicX,round_1762
Happydemic,round_1763
LenDenClub,round_1764
Indi.com,round_1765
Legalraasta,round_1766
RainCan,round_1767
Hippily,round_1768
kredX,round_1769
Wedwise,round_1770
BeaconsTalk,round_1771
Deal 4Loans,round_1772
RenewBuy,round_1773
Blue Box Media,round_1774
Vyomo,round_1775
Organicshop,round_1776
MInd Your Fleet,round_1777
NestAway,round_1778
Tapchief,round_1779
Rapido,round_1780
Yufta,round_1781
Smytten,round_1782
Houssup,round_1783
Jugnoo,round_1784
Tork Motocycles,round_1785
Betaout,round_1786
DriversCart,round_1787
LensKart,round_1788
CollegeDekho,round_1789
OYOfit,round_1790
Oliveboard,round_1791
Simplilearn,round_1792
1mg,round_1793
Fashalot,round_1794
Broomberg,round_1795
m.paani,round_1796
Yufta,round_1797
mishTag,round_1798
Advanced Structures India,round_1799
Licious,round_1800
Knolskae,round_1801
Druva,round_1802
TOKO Innovation Studios,round_1803
Commut,round_1804
intouchapp,round_1805
Dropkaffe,round_1806
Transerv,round_1807
ClearTax,round_1808
Roposo,round_1809
MilkBasket,round_1810
CareonGO,round_1811
RailYatri,round_1812
ICHR,round_1813
Murgency,round_1814
The Wedding Brigade,round_1815
DocsApp,round_1816
Impact Guru,round_1817
LetReach,round_1818
DriveU,round_1819
Gympik,round_1820
Testbook,round_1821
IQlect,round_1822
MoMark,round_1823
Skedool,round_1824
Systemantics,round_1825
Vertuals,round_1826
Imarticus Learning,round_1827
Shouut,round_1828
TinyStep,round_1829
Aahaa,round_1830
Arcatron Mobility,round_1831
FTCash,round_1832
Civilsdaily,round_1833
Zappka,round_1834
Tarusa World,round_1835
medECUBE,round_1836
N.O.W,round_1837
Ninjacart,round_1838
Reach,round_1839
Vanity Cube,round_1840
Wooplr,round_1841
Medidaili,round_1842
Finomena,round_1843
Cookaroo,round_1844
vPhrase Analytics,round_1845
LoveCycles,round_1846
Kartrocket,round_1847
dunzo,round_1848
Indiamart,round_1849
SmartVizX,round_1850
MyGubbi,round_1851
Nukkad Shops,round_1852
Cloudacar,round_1853
Justride,round_1854
Yana,round_1855
Big Fish Ventures,round_1856
Stylflip,round_1857
Icertis,round_1858
Supplified,round_1859
JollyFoodFellow,round_1860
PinkBlue,round_1861
TruckingCube,round_1862
eSwasthya,round_1863
FlipClass,round_1864
Proximit,round_1865
WithMe,round_1866
Gapoon,round_1867
Avagmah,round_1868
WorkIndia,round_1869
Wealthy,round_1870
Pramati,round_1871
Qlivery,round_1872
HealthEnablr,round_1873
Liftiee,round_1874
Hello Curry,round_1875
goSporto,round_1876
OneClickWash,round_1877
Girnar Software,round_1878
Room On Call,round_1879
Byju\\xe2\\x80\\x99s,round_1880
BigBasket,round_1881
DrivoJoy,round_1882
Smartron,round_1883
LifCare,round_1884
CreditSeva,round_1885
CityShor,round_1886
Endless Robotics,round_1887
SP Robotics,round_1888
StalkBuyLove,round_1889
eKincare,round_1890
HashLearn,round_1891
Wheelstreet,round_1892
Horntell,round_1893
Schoolkart,round_1894
HealthEminds,round_1895
Babygogo,round_1896
Veritas Finance,round_1897
QikShip,round_1898
FixNix,round_1899
True Balance,round_1900
Touchkin,round_1901
SwitchMe,round_1902
Transcell,round_1903
Blue Tokai Coffee,round_1904
Altizone,round_1905
Oust App,round_1906
Strike,round_1907
MaaxMarket,round_1908
Gamooz,round_1909
SoundSurround,round_1910
Mazkara,round_1911
RoadGods,round_1912
Pindropmusic,round_1913
Woodpie,round_1914
Perfumery,round_1915
Magic Crate,round_1916
ZenDrive,round_1917
Smartcooky,round_1918
Turtlemint,round_1919
BHIVE,round_1920
Gingercrush,round_1921
American Vision,round_1922
DawaiLelo,round_1923
Heads Up For Tails,round_1924
LiveNutriFit,round_1925
Moglix,round_1926
iStyleYou,round_1927
AdUrCup,round_1928
Weddingz,round_1929
Urban Dhobi,round_1930
Gray Routes,round_1931
Xpressbees,round_1932
Invictus Oncology,round_1933
Hansel.io,round_1934
Inc42,round_1935
GOQii,round_1936
Capzest,round_1937
GlamStudios,round_1938
Affimity,round_1939
Anandakanda,round_1940
JoulestoWatts,round_1941
Shopkirana,round_1942
Stylofie,round_1943
OyBob,round_1944
ActOnMagic,round_1945
Bonhomia,round_1946
iGrenEnergi,round_1947
RKSV,round_1948
Aasaanjobs,round_1949
Snapdeal,round_1950
Jugnoo,round_1951
Snapbizz,round_1952
GoYaNo,round_1953
RentSher,round_1954
Buddy,round_1955
Legistify,round_1956
TableHero,round_1957
BetterPlace,round_1958
Salebhai,round_1959
icustommadeit,round_1960
Tring,round_1961
Medinfi,round_1962
Timemytask,round_1963
GameZop,round_1964
Notary Mama,round_1965
The Viral Fever,round_1966
Avanti Learning,round_1967
Bollant Industries,round_1968
GetVee,round_1969
HealthKumbh,round_1970
Unlaze,round_1971
Tracxn,round_1972
Careongo,round_1973
Ark Robot,round_1974
Jaypore,round_1975
Finance Buddha,round_1976
AlmaConnect,round_1977
Advantage Club,round_1978
LocalRamu,round_1979
Baby Berry,round_1980
Magicpin,round_1981
First Eat,round_1982
SigTuple,round_1983
Taskbob,round_1984
Styledotme,round_1985
NewsLaundry,round_1986
CupoNation,round_1987
Aarav UAV,round_1988
Sayfix,round_1989
LoanZen,round_1990
NoBroker,round_1991
AppilyEver,round_1992
Pocketin,round_1993
FeetApart,round_1994
OfBusiness,round_1995
CarveNiche,round_1996
Juspay,round_1997
Funcart,round_1998
Freedom Smart Labs,round_1999
EduBridge,round_2000
Nestaway,round_2001
Hopscotch,round_2002
PinClick,round_2003
Smartcooky,round_2004
Helpi,round_2005
DogSpot,round_2006
Career360,round_2007
B9 Beverages,round_2008
WIMWI Foods,round_2009
MyChild App,round_2010
Instaproc,round_2011
360Ride,round_2012
Alef\\nMobitech,round_2013
Tracxn,round_2014
Qdesq,round_2015
Sensara,round_2016
Zebpay,round_2017
PlanMy\\nMedicalTrip,round_2018
MyCity4Kids,round_2019
Justdakhila.com,round_2020
PitStop,round_2021
Bikxie,round_2022
Infurnia,round_2023
Myly,round_2024
MakeMyTrip,round_2025
Melorra,round_2026
ConfirmTKT,round_2027
Gyaanzone,round_2028
FlatFurnish,round_2029
Lumiere,round_2030
Koovs,round_2031
Wishup,round_2032
FreshMenu,round_2033
SavvyMob,round_2034
Fashionablyin,round_2035
Shopclues,round_2036
Hike Messenger,round_2037
iBus Networks,round_2038
Happy2Refer,round_2039
CarTrade,round_2040
Rentomo,round_2041
Roder,round_2042
Bucker,round_2043
Care24,round_2044
Obino,round_2045
Snapshopr,round_2046
Buildkar,round_2047
Orahi,round_2048
Zapr,round_2049
Remidio,round_2050
Fitso,round_2051
evibe.in,round_2052
Zoctr,round_2053
Jobick,round_2054
Plick,round_2055
Voice Friends,round_2056
Kartrocket,round_2057
Swiggy,round_2058
TinyStep,round_2059
Cashkaro,round_2060
Gameezop,round_2061
DailyObjects,round_2062
Indus OS,round_2063
CollegeDunia,round_2064
Villgro,round_2065
Reddoorz,round_2066
IndustryBuying,round_2067
Just Buy Live,round_2068
IMbesharam,round_2069
Moodoo,round_2070
Saral Designs,round_2071
FirstCry,round_2072
Fisdom,round_2073
Easypolicy,round_2074
Housing.com,round_2075
CREO,round_2076
ShabdaNagari,round_2077
Little,round_2078
SnapBizz,round_2079
Qlivery,round_2080
PlexusMD,round_2081
Silvan,round_2082
EPS,round_2083
Qubole,round_2084
Gajty,round_2085
SIFTR Labs,round_2086
Power2SME,round_2087
SkyCandle,round_2088
Teabox.com,round_2089
Buildzar,round_2090
Applicate,round_2091
WhatsOnRent,round_2092
Zebi (yet to launch),round_2093
Truce,round_2094
JustDoc,round_2095
Myeglu,round_2096
BitGiving,round_2097
Qriyo,round_2098
N.O.W,round_2099
Aisle,round_2100
FreshMenu,round_2101
Truebil,round_2102
Rare Media,round_2103
TinMen,round_2104
CodingLabs,round_2105
FindUrClass,round_2106
DesignBids,round_2107
CollegeDekho,round_2108
Black White Orange Brands,round_2109
Biteclub,round_2110
Patel Logistics,round_2111
Wigzo,round_2112
Zapluk,round_2113
Godof Hospitals,round_2114
RoomsTonite,round_2115
Kaaryah,round_2116
Anakage,round_2117
EasyKhaana,round_2118
Shuttl,round_2119
Eckovation,round_2120
Fitcircle,round_2121
Applop,round_2122
CaRPM,round_2123
NDTV Wedding portal,round_2124
Splitkart,round_2125
Zenatix,round_2126
Customfurnish,round_2127
Faasos,round_2128
Vlurn,round_2129
Leaf Wearables,round_2130
Coolshare,round_2131
mFicient,round_2132
HeyBiz,round_2133
Yumist,round_2134
Jigsaw Academy,round_2135
JoeHukum,round_2136
Voxweb,round_2137
Aye Finance,round_2138
JumboBasket,round_2139
BlackBuck,round_2140
HomeStudio,round_2141
PropheSee,round_2142
i2e1,round_2143
Holisol Logistics,round_2144
Stay Simple Resorts,round_2145
Paynear,round_2146
Chillr,round_2147
EureQa,round_2148
LocalCircles,round_2149
GetFocus,round_2150
UrbanClap,round_2151
OnlineRTI,round_2152
Powerstores,round_2153
Weddingz.in,round_2154
Intelligent Interfaces,round_2155
Capricoast,round_2156
JetSetGo,round_2157
Cabsguru,round_2158
Whoop,round_2159
BookEventz,round_2160
Deal Street Asia,round_2161
Streamoid,round_2162
Housejoy,round_2163
Bluebirch,round_2164
MeraDoctor,round_2165
STAGE 3,round_2166
Rivigo,round_2167
Springboard,round_2168
Eatfresh,round_2169
Ampere Vehicles,round_2170
Focus Digit,round_2171
The News Minute,round_2172
CBREX,round_2173
TruckMandi,round_2174
Peppertap,round_2175
KOOH Sports,round_2176
RentOnGo,round_2177
Industrybuying,round_2178
Zapr,round_2179
LatestOne,round_2180
PlanetGogo,round_2181
Arya.ai,round_2182
Doctor Insta,round_2183
MobieFit,round_2184
LafaLafa,round_2185
Mech Mocha,round_2186
Shotang.com,round_2187
CityFurnish,round_2188
Black White Orange,round_2189
Kolabro,round_2190
Canvera,round_2191
Town Essentials,round_2192
Bumper,round_2193
Hotify,round_2194
MobiKwik,round_2195
Intelligent Interfaces,round_2196
Twigly,round_2197
CityFlo,round_2198
Findyahan,round_2199
Sabse,round_2200
Pokkt,round_2201
oibanit,round_2202
Stuffed,round_2203
LoanBaba,round_2204
Deyor Rooms,round_2205
Bidgely,round_2206
Shirsa Labs,round_2207
Paytunes,round_2208
YourDOST,round_2209
BookMyBai,round_2210
MyIndianStay,round_2211
Bobble,round_2212
RepUp,round_2213
Satvacart,round_2214
POPxo.com,round_2215
SparesHub,round_2216
Explara,round_2217
Soothe Healthcare,round_2218
Yuvi Hospitality,round_2219
AppVirality,round_2220
iStar Skill Development,round_2221
BigStylist.com,round_2222
Zilingo,round_2223
Didi,round_2224
Skoov.com,round_2225
Chefs Basket,round_2226
Gingercrush,round_2227
Delight Foods,round_2228
6Degree,round_2229
RenewBuy,round_2230
Grab,round_2231
Hitwicket,round_2232
Flashdoor,round_2233
Cashkaro.com,round_2234
Absentia,round_2235
Renowala,round_2236
TaskBucks,round_2237
CraftsVilla,round_2238
Julia Computing,round_2239
StyleTag,round_2240
Smytten,round_2241
BiBox,round_2242
Convegenius,round_2243
Ola,round_2244
Goodbox,round_2245
ScoopWhoop,round_2246
Hipship,round_2247
Pickrr,round_2248
Truelancer,round_2249
AHA Taxis,round_2250
UrbanClap,round_2251
SenseGiz,round_2252
PlaceofOrigin,round_2253
Fourseven,round_2254
MindTickle,round_2255
Shopsense,round_2256
Medinfi,round_2257
OUWT,round_2258
HeyPillow,round_2259
Healers At Home,round_2260
Caravan Craft,round_2261
Talkoot,round_2262
RentoMojo,round_2263
Medikoe,round_2264
Stylofie,round_2265
ServX,round_2266
Naaptol,round_2267
Crayon Data,round_2268
EarlySalary.com,round_2269
Tooler,round_2270
S Chand,round_2271
Stelae,round_2272
GoQii,round_2273
Grofers,round_2274
Pluss,round_2275
KountMoney,round_2276
StayGlad,round_2277
JustRide,round_2278
Fastudent,round_2279
LearnOn,round_2280
Talentrack,round_2281
M-TAXI,round_2282
Baxi,round_2283
Superhero Brands,round_2284
MoMagic,round_2285
QikPod,round_2286
Butterfly Interactive,round_2287
Bro4U,round_2288
Indifi,round_2289
Wydr,round_2290
EasyFix,round_2291
Muvizz,round_2292
Abhibus,round_2293
Cleartax,round_2294
Shopalyst,round_2295
Chillr,round_2296
Nykaa,round_2297
Voylla,round_2298
IndiaLends,round_2299
Rock N Shop,round_2300
DocPlexus,round_2301
WorkIndia,round_2302
SportzVillage,round_2303
SportyBeans,round_2304
Burger Singh,round_2305
Welcome Cure,round_2306
SchoolGuru,round_2307
Naturally Yours,round_2308
GoJavas,round_2309
Scandid,round_2310
StalkBuyLove,round_2311
ZuperMeal,round_2312
Cube26,round_2313
Mobikon,round_2314
Grabhouse,round_2315
Quifers,round_2316
Stockroom.io,round_2317
Curofy,round_2318
Cloud Lending,round_2319
Inayo,round_2320
WoNoBo,round_2321
Kulzy,round_2322
Zeppery,round_2323
Zify,round_2324
Faircent,round_2325
Bizongo,round_2326
Gridle,round_2327
Tripoto,round_2328
Mubble,round_2329
Voodoo,round_2330
Lookup,round_2331
AskMyGift,round_2332
Gaana.com,round_2333
Zappfresh,round_2334
GymTrekker,round_2335
Bounty App,round_2336
Homers.in,round_2337
mShipper,round_2338
BolRealty,round_2339
S-Cube Futuretech,round_2340
LetsVenture,round_2341
Citrus Payment,round_2342
Holidify,round_2343
PrimaSeller,round_2344
Opinio,round_2345
Attune Technologies,round_2346
iChef.in,round_2347
Jiyo Natural,round_2348
AgentDesks,round_2349
White Owl Brewery,round_2350
MealHopper,round_2351
Zenify.in,round_2352
Stockal,round_2353
Medd,round_2354
Leaping Caravan,round_2355
Frsh,round_2356
Qik Stay,round_2357
Parcelled,round_2358
AlmaMapper,round_2359
Flexing It,round_2360
Netmeds.com,round_2361
Razorpay,round_2362
Jombay,round_2363
Happitoo,round_2364
Care24,round_2365
Roadrunnr,round_2366
Simpli5d,round_2367
ORIGA Leasing,round_2368
Smartivity.in,round_2369
UrDoorStep,round_2370
Tavaga,round_2371
Moglix,round_2372
ZopHop,round_2373
Niki.ai,round_2374
Instavans,round_2375
LiftO,round_2376
TinyOwl,round_2377
Toppr.com,round_2378
Kleeto,round_2379
BeaconsTalk,round_2380
Jugnoo,round_2381
TOFlo,round_2382
FXMartIndia,round_2383
Stylecracker,round_2384
Luxuryhues,round_2385
HolaChef,round_2386
Zivame,round_2387
Capillary Tech,round_2388
Jobspire,round_2389
MeraDoctor,round_2390
Vistaar Finance,round_2391
HiJinny,round_2392
Clapsnslaps,round_2393
Blubox,round_2394
RoomCentral,round_2395
YouthKiAwaaz,round_2396
Prozo,round_2397
Zomato,round_2398
Sahayog Dairy,round_2399
MockBank,round_2400
ReportBee,round_2401
GuruG Learning,round_2402
OnlineTyari,round_2403
IndustryBuying,round_2404
The/Nudge Foundation,round_2405
FitMeIn,round_2406
Envoged,round_2407
Zapyle,round_2408
Renomania,round_2409
CredR,round_2410
YatraGenie,round_2411
CanvasFlip,round_2412
Shadowfax,round_2413
UE Life Sciences,round_2414
Ola Cabs,round_2415
Coverfox,round_2416
MoEngage,round_2417
Mubble,round_2418
Tea Trails,round_2419
Room on Call,round_2420
FYNE,round_2421
ChaiPoint,round_2422
WedmeGood.com,round_2423
XSTOK,round_2424
UniLog,round_2425
Paintcollar,round_2426
YepMe,round_2427
Bueno,round_2428
Plabro,round_2429
CureJoy,round_2430
Briston Technomach,round_2431
LabStreet,round_2432
DailyNinja,round_2433
Portea Medical,round_2434
Neotrade Analytics,round_2435
DishCo,round_2436
LafaLafa,round_2437
ConnectAbank,round_2438
VillFarm,round_2439
Bestdealfinance,round_2440
GameXS.in,round_2441
The Man Company,round_2442
Virtual Logic,round_2443
Furdo,round_2444
LogiNext,round_2445
Korra,round_2446
Credihealth,round_2447
Amigobulls,round_2448
SilverPush,round_2449
Juggernaut,round_2450
InnerChef,round_2451
Quintype,round_2452
Capabiliti,round_2453
Fourth Partner Energy,round_2454
Licious,round_2455
TravelKhana,round_2456
Quickli,round_2457
Ola Cabs,round_2458
Paytm,round_2459
Inmobi,round_2460
Peppertap,round_2461
Hugefly,round_2462
Brigge,round_2463
Zakoopi,round_2464
LoanCircle,round_2465
Infoworks,round_2466
RedDoorz,round_2467
FirstTouch,round_2468
Eywa Media,round_2469
Snapdeal,round_2470
Ressy,round_2471
Cuelearn,round_2472
Connect India,round_2473
The Home Salon,round_2474
Jusride,round_2475
Oyorooms,round_2476
Glowship,round_2477
Wizrocket,round_2478
Pickingo,round_2479
Grex,round_2480
LetsTransport,round_2481
Zo Rooms,round_2482
Doormint,round_2483
NightStay,round_2484
Zocalo,round_2485
Sunday Realty Solutions,round_2486
Klozee,round_2487
Appvigil,round_2488
practo,round_2489
LoudShout,round_2490
Wetravelsolo,round_2491
Ketto,round_2492
Ezetap,round_2493
NDTV ecommerce venture,round_2494
Carl\\xe2\\x80\\x99s Jr,round_2495
EasyRewardz,round_2496
GIBSS,round_2497
StoreMore.in,round_2498
iOrderFresh,round_2499
MyTaxiIndia,round_2500
eSadar,round_2501
Actionable Analytics,round_2502
MyPoolin,round_2503
NearBuy (previously\\xc2\\xa0 groupon India),round_2504
Inkmonk,round_2505
ToneTag,round_2506
Grey Orange,round_2507
Livspace,round_2508
WOW! MOMO,round_2509
RainCan,round_2510
Allygrow Technologies,round_2511
Infogain,round_2512
OneAssist,round_2513
BigBasket,round_2514
Sheroes,round_2515
Scripbox,round_2516
etaout,round_2517
IFMR Holdings,round_2518
Massblurb,round_2519
Agrostar,round_2520
VoxWeb,round_2521
Trukky,round_2522
VanityCube,round_2523
Edu4Share,round_2524
YourStory,round_2525
Sampurnearth,round_2526
Orobind,round_2527
Fixy,round_2528
MSM Box,round_2529
ShadowFax,round_2530
Gadgets 360,round_2531
Roposo,round_2532
IntelligenceNODE,round_2533
HyperVerge,round_2534
Twyst,round_2535
IDfy,round_2536
Zoojoo.be,round_2537
Fashionove,round_2538
TimeSaverz,round_2539
Envoged,round_2540
MebelKart,round_2541
LabsAdvisor,round_2542
Flatpebble,round_2543
Bluegape.com,round_2544
ePoise,round_2545
Jolly Food Fellow,round_2546
BookMeIn,round_2547
iZofy,round_2548
rBus,round_2549
Qyk App,round_2550
EazyDiner,round_2551
RevX,round_2552
ICustomMadeIt,round_2553
PickMyLaundry,round_2554
Belita,round_2555
EzySolare,round_2556
FoodTalkIndia,round_2557
InstaSafe,round_2558
Eazy Coach,round_2559
Djubo.com,round_2560
BetterButter.in,round_2561
Vyomo,round_2562
RollMafia,round_2563
iamwire,round_2564
DropKaffe,round_2565
Reverie,round_2566
Infinite Analytics,round_2567
Parcelled,round_2568
Retigence Technologies,round_2569
Cloudcherry Analytics,round_2570
HandyHome,round_2571
iDreamCareer,round_2572
Ola Cabs,round_2573
NxtGen,round_2574
BankBazaar,round_2575
Gozoomo,round_2576
Zenatix,round_2577
CultureAlley,round_2578
Goqii,round_2579
Gingercrush,round_2580
Elanic,round_2581
Stitchwood,round_2582
Urban Tailor,round_2583
ConfirmtTkt,round_2584
Paper Boat,round_2585
getNow,round_2586
Wudstay,round_2587
Liases Foras,round_2588
Eatlo,round_2589
IndiaLends,round_2590
Quinto,round_2591
Saavn,round_2592
Flytxt,round_2593
Axtria,round_2594
33Coupons,round_2595
Ampere,round_2596
Hopping Chef,round_2597
Collectabillia,round_2598
Lendingkart,round_2599
Lybrate,round_2600
Zoomcar,round_2601
\\xc2\\xa0News in shorts,round_2602
\\xc2\\xa0Bluestone,round_2603
\\xc2\\xa0Shopsity,round_2604
\\xc2\\xa0Notesgen,round_2605
\\xc2\\xa0Infinity Assurance,round_2606
\\xc2\\xa0Footprints Education,round_2607
\\xc2\\xa0Loylty Rewards,round_2608
\\xc2\\xa0Ameyo,round_2609
\\xc2\\xa0Mamagoto,round_2610
\\xc2\\xa0Satvacart,round_2611
MySmartPrice,round_2612
Zenify,round_2613
Boxmyspace,round_2614
HackerRank,round_2615
WickedRide,round_2616
WoWexpress,round_2617
Oyo Rooms,round_2618
Mobikon,round_2619
InstaLively.com,round_2620
Roadrunnr,round_2621
Ketto,round_2622
QuikWallet,round_2623
Omnikart,round_2624
Zo Rooms,round_2625
Innoviti,round_2626
ZenRadius,round_2627
Joy by nature,round_2628
Iqlect,round_2629
deGustibus,round_2630
Nestaway,round_2631
Mswipe,round_2632
Myonsto,round_2633
iCrushiFlush,round_2634
MedGenome,round_2635
HolidayIQ,round_2636
Fitternity,round_2637
Quikr,round_2638
JetSetGo,round_2639
BroEx,round_2640
Shopatplaces,round_2641
CredR,round_2642
ManageMySpa,round_2643
Townrush,round_2644
Locus,round_2645
Bevy,round_2646
Pepperfry,round_2647
Flipkart.com,round_2648
Opinio,round_2649
Zoctr,round_2650
Zimmber,round_2651
trueHb,round_2652
Zovi.com / Little App,round_2653
Swajal,round_2654
Pipa Bella,round_2655
Pragmatix,round_2656
Droom.in,round_2657
MadRat Games,round_2658
Noodle Play,round_2659
Wassup,round_2660
Cartisan,round_2661
LazyLad,round_2662
TripFactory,round_2663
Prothom,round_2664
Bona Vita,round_2665
Vyomo,round_2666
Veeba Foods,round_2667
Truebil,round_2668
Meritnation,round_2669
Eattreatonline,round_2670
CredR,round_2671
Glamrs,round_2672
Proviera,round_2673
Arth DesignBuild,round_2674
Saama,round_2675
AllIzHealth,round_2676
Karma Healthcare,round_2677
Entropy Innovations,round_2678
Propstack,round_2679
MyTaxiIndia,round_2680
Arkin Net,round_2681
Little Black Book Delhi,round_2682
MyPoolin,round_2683
iCustomadeit,round_2684
KAARYAH,round_2685
Ecom Express,round_2686
Vidooly,round_2687
Zopper,round_2688
Flipkart,round_2689
kWatt Solutions,round_2690
Medwell Ventures,round_2691
Jugnoo,round_2692
PosterGully,round_2693
Applied Solar Technologies,round_2694
Clovia,round_2695
Swiggy,round_2696
PayMango,round_2697
Printland,round_2698
Teritree,round_2699
Guiddoo,round_2700
Voonik,round_2701
AdStringO,round_2702
Faircent.com,round_2703
La Renon,round_2704
Homelane,round_2705
iSTAR,round_2706
Shippr,round_2707
FoodAbhi,round_2708
Karma Recycling,round_2709
CouponRaja,round_2710
Babychakra,round_2711
Jiffstore,round_2712
MyDentist,round_2713
Moovo,round_2714
Fracktal Works,round_2715
Hansa Customer Equity,round_2716
HealthifyMe,round_2717
CAKART.in,round_2718
Housejoy,round_2719
FundsIndia.com,round_2720
Cupick,round_2721
Tracxn,round_2722
Holachef,round_2723
elong,round_2724
Ixigo,round_2725
SkillAngels,round_2726
Vidgyor,round_2727
Banihal,round_2728
Goodservice,round_2729
Treebo,round_2730
EduKart,round_2731
Healthians.com,round_2732
LabInApp,round_2733
Syona Cosmetics,round_2734
Sigrid Education,round_2735
Indix,round_2736
The Porter,round_2737
Retention.ai,round_2738
Fusion Microfinance,round_2739
Zinka,round_2740
CreditMantri,round_2741
GetMyPeon,round_2742
UrbanClap,round_2743
StayGlad,round_2744
AdWyze,round_2745
Zimmber,round_2746
Buttercups,round_2747
RailYatri,round_2748
aagaar.com,round_2749
Flatchat,round_2750
MyCFO,round_2751
Foodpanda,round_2752
Termsheet,round_2753
Applicate,round_2754
World Art Community,round_2755
SpoonJoy,round_2756
Seed Schools,round_2757
Ignis Careers,round_2758
Square Yards,round_2759
Fintellix,round_2760
Customer360,round_2761
Delhivery,round_2762
Swiggy,round_2763
Uniphore,round_2764
Box8,round_2765
Toppr,round_2766
Vedantu,round_2767
BuyHatke,round_2768
KleverKid,round_2769
Uniken,round_2770
GrandOpinion,round_2771
HealthifyMe,round_2772
ZapStitch,round_2773
Wassup,round_2774
Mobiefit,round_2775
Plancess,round_2776
WorkHorse,round_2777
Innovaccer,round_2778
MyCuteOffice,round_2779
IndianRoots.com,round_2780
RedPolka,round_2781
Venturesity,round_2782
TheBetterIndia.com,round_2783
Awaaz De,round_2784
Chaayos,round_2785
Akosha,round_2786
Cooey,round_2787
MeetUniv,round_2788
Inspirock,round_2789
Crown-it,round_2790
Trucksfirst,round_2791
Lookup,round_2792
SunTerrace,round_2793
\\xc2\\xa0Nudgespot,round_2794
CarDekho,round_2795
EveningFlavors,round_2796
Razorpay,round_2797
ZenParent,round_2798
Newgen Payments,round_2799
UrbanPro,round_2800
Goodbox,round_2801
Renderlogy,round_2802
Postman,round_2803
Casa2inns,round_2804
FleetRover,round_2805
TheKarrier,round_2806
Zoomcar,round_2807
Truweight,round_2808
Ather Energy,round_2809
Swiggy,round_2810
Bluegape,round_2811
KeepTrax,round_2812
InstaLively,round_2813
Pricejugaad,round_2814
Quikr,round_2815
PressPlay,round_2816
LogiNext,round_2817
FirstCry.com,round_2818
MobiKwik,round_2819
Olacabs,round_2820
Gadgetwood,round_2821
Bonhomia,round_2822
Changer Mints,round_2823
Urban Ladder,round_2824
Purple Squirrel,round_2825
Whatfix,round_2826
iMMi Life,round_2827
Zomato,round_2828
ZopNow,round_2829
Nayi Disha,round_2830
The Porter,round_2831
Commeasure,round_2832
Capricoast,round_2833
LocalOye,round_2834
Grofers,round_2835
PepperTap,round_2836
PolicyBazaar,round_2837
UrbanClap,round_2838
Taskbob,round_2839
Robosoft,round_2840
Doormint,round_2841
Vyomo,round_2842
Pastiwala,round_2843
1mg (Healthkartplus),round_2844
Freshdesk,round_2845
Sulekha.com,round_2846
FindYahan,round_2847
Eat.Shop.Love,round_2848
Avanti Learning,round_2849
Simplilearn,round_2850
Craftstvilla,round_2851
HeadOut,round_2852
happay,round_2853
Jugnoo,round_2854
EazyDiner,round_2855
Phone Warrior,round_2856
Coverfox,round_2857
Torqus,round_2858
Grab,round_2859
LogicRoots,round_2860
GIBBS,round_2861
Babajobs,round_2862
Urban Ladder,round_2863
Jay Robotix,round_2864
Naaptol.com,round_2865
ReGlobe,round_2866
Icertis,round_2867
Tracxn,round_2868
Dazo,round_2869
Tradelab,round_2870
PiQube,round_2871
Travel Triangle,round_2872
TrulyMadly.com,round_2873
InstaLively,round_2874
Vserv,round_2875
Intruo.com,round_2876
Niffler,round_2877
CustomFurnish.com,round_2878
MapMyGenome,round_2879
Crowdfire (formerly Justunfollow),round_2880
Bite Club,round_2881
Localbanya,round_2882
Appedo,round_2883
Fitraq.com,round_2884
ChargeBee,round_2885
Groupon India,round_2886
Process 9,round_2887
MoonFrog Labs,round_2888
Foodpanda,round_2889
Paytm,round_2890
DiabetOmics,round_2891
Qyk,round_2892
Daily Rounds,round_2893
Orobind,round_2894
Routofy,round_2895
Digital Gorkha,round_2896
NestAway,round_2897
The Better India,round_2898
Meru Cabs,round_2899
GolfLAN,round_2900
Drivestream,round_2901
wWhere,round_2902
GoJavas,round_2903
Tripoto,round_2904
Graphic India,round_2905
Harness Handitouch,round_2906
Lets Corp,round_2907
CollateBox,round_2908
Mahindra First Choice,round_2909
Round One,round_2910
RazorPay,round_2911
Mosambee,round_2912
Furlenco,round_2913
Cubito,round_2914
Teabox,round_2915
Artoo,round_2916
Fxkart.com,round_2917
Rozgar Mela,round_2918
OYO Rooms,round_2919
Roposo.com,round_2920
Teewe,round_2921
ePoise,round_2922
Urjas,round_2923
Chargein,round_2924
Yogurt Labs,round_2925
LimeRoad.com,round_2926
Team Indus,round_2927
Arohan Financial Services,round_2928
BillDesk,round_2929
Triphobo,round_2930
Aryaka,round_2931
Appsdaily,round_2932
Faaya,round_2933
InstaBounce,round_2934
Chloroplast Foods,round_2935
Dealwithus,round_2936
CleverSharks,round_2937
Leaf,round_2938
SmartPocket,round_2939
Yumist,round_2940
NowFloats,round_2941
FirstCry,round_2942
HolaChef,round_2943
Frsh.co.in,round_2944
Manthan,round_2945
Kobster.com,round_2946
Culture Machine,round_2947
Paytm,round_2948
Aisle.co,round_2949
FreeCharge,round_2950
NewsHunt,round_2951
MyNoticePeriod,round_2952
CarDekho.com,round_2953
Faaso\\xe2\\x80\\x99s,round_2954
CarTrade.com,round_2955
StoreKing,round_2956
Capital Float,round_2957
Nimble Wireless,round_2958
Townscript,round_2959
FindYahan,round_2960
Stayzilla,round_2961
Practo,round_2962
CimplyFive,round_2963
20Dresses,round_2964
Itzcash,round_2965
NewsInShorts,round_2966
iTraveller.com,round_2967
NextGen,round_2968
Wooplr.com,round_2969
Springleap,round_2970
Klip.in,round_2971
Renderlogy,round_2972
Appbase,round_2973
HomeLane,round_2974
Trip38,round_2975
Smartairtrip.com,round_2976
NoBroker,round_2977
Caravan Craft Retail,round_2978
SquadRun,round_2979
Clonect Solutions,round_2980
TaxSutra,round_2981
PepperTap,round_2982
Sattviko,round_2983
IndustryBuying,round_2984
FreshWorld,round_2985
TinyOwl,round_2986
Momoe,round_2987
Grofers,round_2988
LensKart,round_2989
VioletStreet,round_2990
Lookup,round_2991
#Fame,round_2992
Gympik,round_2993
Near.in,round_2994
Purplle.com,round_2995
NumberMall,round_2996
Tookitaki,round_2997
Frankly,round_2998
Faircent,round_2999
Nurturey,round_3000
Bewakoof,round_3001
Stridalyzer,round_3002
Commonfloor,round_3003
Sokrati,round_3004
YepMe,round_3005
TapCibo,round_3006
Verayu,round_3007
MyDreamStore,round_3008
AppVirality,round_3009
RateGain,round_3010
Wishberry,round_3011
eKincare,round_3012
ShopClues,round_3013
Refiral,round_3014
Ping Digital,round_3015
HealthyWorld.in,round_3016
Hostel Dunia,round_3017
Play your sport,round_3018
Yo Grad,round_3019
Enabli,round_3020
CBS,round_3021
Hopscotch,round_3022
Amagi Media Labs,round_3023
HealthyWorld.in,round_3024
Simplilearn,round_3025
MyDreamStore,round_3026
Knit,round_3027
Villgro,round_3028
Corporate360,round_3029
Freshmonk,round_3030
Englishleap.com,round_3031
Antuit,round_3032
Caratlane.com,round_3033
Aasaanjobs,round_3034
Impartus,round_3035
Thrill App,round_3036
CarDekho.com,round_3037
Grabhouse.com,round_3038
Printvenue,round_3039
Graphene,round_3040
Mad Street Den,round_3041
Simplotel,round_3042
couponmachine.in,round_3043
